<?xml version="1.0" standalone="yes"?>
<NewDataSet>
  <Index>
    <Tracking>C:\SR50Win\Results\FONDI-SELF\08-04-22\Quality\01.JAVA\01.FONDI-SELF\</Tracking>
    <PathXml>FONDI-SELF.xml</PathXml>
    <PathReport>C:\SR50Win\Report\FONDI-SELF\08-04-22\Quality\01.JAVA\01.FONDI-SELF\</PathReport>
    <ListProject>FONDI-SELF</ListProject>
    <Process>QUALITY</Process>
    <idProject>1</idProject>
    <Visible>1</Visible>
    <ChangedFiles>False</ChangedFiles>
    <Project>FONDI-SELF</Project>
    <Auditor>GIUSEPPE SCOTTI</Auditor>
    <name />
    <application />
    <idapplication>1</idapplication>
    <Version>08-04-22</Version>
    <Language>JAVA (1.8)</Language>
    <sql>PL/SQL (Oracle)</sql>
    <Date>6-21-2022</Date>
    <TimeScan>00:07:16</TimeScan>
    <BaseLine>False</BaseLine>
    <LOC>0</LOC>
    <SLOC>16359</SLOC>
    <Comment>0</Comment>
    <VG>0</VG>
    <EVG>2853</EVG>
    <DEPTH>207</DEPTH>
    <Files>0</Files>
    <Classes>339</Classes>
    <Params>1986</Params>
    <Methods>1161</Methods>
    <Trusted>true</Trusted>
    <InternetApplication>false</InternetApplication>
    <ExclusionList>false</ExclusionList>
    <TargetBrowser>true</TargetBrowser>
    <SRVersion>5.00.07</SRVersion>
    <Outsourcer />
    <Team />
    <APMCode />
    <APMCodeDes />
    <PackageCode />
    <PackageCodeDes />
    <Latest_Audit />
  </Index>
</NewDataSet>