<?xml version="1.0" standalone="yes"?>
<ResultsOwasp_CWE Date="06/21/2022" toolName="JAVA" time="00:00:00">
  <Authors>
    <Author id="1" name="GIUSEPPE SCOTTI" />
  </Authors>
  <Scope>
    <ProjectInformations TitleReport="FONDI-SELF" Version="08-04-22" BaseLine="False" DateAudit="6-21-2022" Processing="SQALE" Process="DEADCODE" Tracking="C:\SR50Win\Results\FONDI-SELF\08-04-22\" FrameWork_JDK_MFC="1.8" Language="JAVA" TimeScan="00:00:00" FolderXMLProcess="C:\SR50Win\Results\FONDI-SELF\08-04-22\Deadcode\01.JAVA\01.FONDI-SELF\FONDI-SELF.xml" LOC="54251" Application="FONDI-SELF" Solution="JAVA" Project="FONDI-SELF" IdApplication="1" />
  </Scope>
  <Violations>
    <Violation ID="SQALE_81" Characteristic="Testability" NrThread="1" RemediationCost="0.64" Requirement="Unused Private Method/Unused PERFORM" RFactor="0.64" Sev="Blocker" Subcharacteristic="Unit Level">
      <Files>
        <Hashs>
          <File idSQALE="SQALE_81" idFile="432B044F1272106F086A8A6625B8E25D" LOC="95" SLOC="0" nameFile="\feu-browser-fondi-1.0.22\src\main\java\com\nttdata\fondi\common\DateUtils.java" RemediationCost="0.64" NonRemediationFactor="5" DevelopmentCost="0" ViolationOfFile="1" Severity="Blocker" Application="FONDI-SELF" Solution="JAVA" Project="FONDI-SELF" IdApplication="1" CurrentValue="">
            <Hash idFile="432B044F1272106F086A8A6625B8E25D" idSqale="SQALE_81" Hash="fd6d7d9cca1409e831cf47c18f9abfbac516e4c7" Method="419" SLOC="0" CurrentValue="#Line 24" />
          </File>
        </Hashs>
        <Hashs>
          <File idSQALE="SQALE_81" idFile="4C1251935A7EC53E351A4FE129EEA86D" LOC="99" SLOC="0" nameFile="\feu-browser-fondi-1.0.22\src\main\java\com\nttdata\fondi\common\FondiConstants.java" RemediationCost="0.64" NonRemediationFactor="5" DevelopmentCost="0" ViolationOfFile="1" Severity="Blocker" Application="FONDI-SELF" Solution="JAVA" Project="FONDI-SELF" IdApplication="1" CurrentValue="">
            <Hash idFile="4C1251935A7EC53E351A4FE129EEA86D" idSqale="SQALE_81" Hash="5ec8b5809878523548287845ad8d6165ca898e36" Method="5056" SLOC="0" CurrentValue="#Line 95" />
          </File>
        </Hashs>
        <Hashs>
          <File idSQALE="SQALE_81" idFile="9E9CEEFBEBEA06B7F8BCAFFA08D6C36D" LOC="19" SLOC="0" nameFile="\feu-browser-fondi-1.0.22\src\main\java\com\nttdata\fondi\common\util\CharSets.java" RemediationCost="0.64" NonRemediationFactor="5" DevelopmentCost="0" ViolationOfFile="1" Severity="Blocker" Application="FONDI-SELF" Solution="JAVA" Project="FONDI-SELF" IdApplication="1" CurrentValue="">
            <Hash idFile="9E9CEEFBEBEA06B7F8BCAFFA08D6C36D" idSqale="SQALE_81" Hash="c33b27ea13b36b5729f40bbb397e19e07c671d7e" Method="188" SLOC="0" CurrentValue="#Line 10" />
          </File>
        </Hashs>
        <Hashs>
          <File idSQALE="SQALE_81" idFile="E8F7157F53CD7F5827E6703EA4A8AD0B" LOC="262" SLOC="0" nameFile="\feu-browser-fondi-1.0.22\src\main\java\com\nttdata\fondi\common\util\Encoding.java" RemediationCost="0.64" NonRemediationFactor="5" DevelopmentCost="0" ViolationOfFile="1" Severity="Blocker" Application="FONDI-SELF" Solution="JAVA" Project="FONDI-SELF" IdApplication="1" CurrentValue="">
            <Hash idFile="E8F7157F53CD7F5827E6703EA4A8AD0B" idSqale="SQALE_81" Hash="5ae8fdc107f5b2564158eb42cc08718b76371b8b" Method="6811" SLOC="0" CurrentValue="#Line 259" />
          </File>
        </Hashs>
        <Hashs>
          <File idSQALE="SQALE_81" idFile="A79E91AB5093D528E43E6C117308976E" LOC="38" SLOC="0" nameFile="\feu-browser-fondi-1.0.22\src\main\java\com\nttdata\fondi\common\util\UtilityV2.java" RemediationCost="0.64" NonRemediationFactor="5" DevelopmentCost="0" ViolationOfFile="1" Severity="Blocker" Application="FONDI-SELF" Solution="JAVA" Project="FONDI-SELF" IdApplication="1" CurrentValue="">
            <Hash idFile="A79E91AB5093D528E43E6C117308976E" idSqale="SQALE_81" Hash="c4add9f0d28faad35abccea059bae9a9c3460bf7" Method="154" SLOC="0" CurrentValue="#Line 10" />
          </File>
        </Hashs>
        <Hashs>
          <File idSQALE="SQALE_81" idFile="3F77777FC64F472CCBB3F9EC4933997E" LOC="445" SLOC="3" nameFile="\feu-browser-fondi-1.0.22\src\main\java\com\nttdata\fondi\be\pom\consulenza\ConsulenzaV2.java" RemediationCost="0.64" NonRemediationFactor="5" DevelopmentCost="0" ViolationOfFile="1" Severity="Blocker" Application="FONDI-SELF" Solution="JAVA" Project="FONDI-SELF" IdApplication="1" CurrentValue="">
            <Hash idFile="3F77777FC64F472CCBB3F9EC4933997E" idSqale="SQALE_81" Hash="d6f089c9d330636f6d46b4efa6a07886c8c871e3" Method="13095" SLOC="3" CurrentValue="#Line 439" />
          </File>
        </Hashs>
        <Hashs>
          <File idSQALE="SQALE_81" idFile="A7C65168519B1D5A07C36E3779485CA2" LOC="101" SLOC="3" nameFile="\feu-browser-fondi-1.0.22\src\main\java\com\nttdata\fondi\be\pom\consulenza\DatoAggiuntivo.java" RemediationCost="0.64" NonRemediationFactor="5" DevelopmentCost="0" ViolationOfFile="1" Severity="Blocker" Application="FONDI-SELF" Solution="JAVA" Project="FONDI-SELF" IdApplication="1" CurrentValue="">
            <Hash idFile="A7C65168519B1D5A07C36E3779485CA2" idSqale="SQALE_81" Hash="d016a0567cb2f31d2b45f0c38c0abcf31a367601" Method="2239" SLOC="3" CurrentValue="#Line 95" />
          </File>
        </Hashs>
        <Hashs>
          <File idSQALE="SQALE_81" idFile="33C9E01C216BC265C9BFEA633A28F79D" LOC="128" SLOC="3" nameFile="\feu-browser-fondi-1.0.22\src\main\java\com\nttdata\fondi\be\pom\consulenza\OperazioneV2.java" RemediationCost="0.64" NonRemediationFactor="5" DevelopmentCost="0" ViolationOfFile="1" Severity="Blocker" Application="FONDI-SELF" Solution="JAVA" Project="FONDI-SELF" IdApplication="1" CurrentValue="">
            <Hash idFile="33C9E01C216BC265C9BFEA633A28F79D" idSqale="SQALE_81" Hash="b2f3bfb02916e073f29245fcb003cbbee0e83e7d" Method="2903" SLOC="3" CurrentValue="#Line 122" />
          </File>
        </Hashs>
        <Hashs>
          <File idSQALE="SQALE_81" idFile="410A6C32509B25407CFE8B830BC3AAFA" LOC="54" SLOC="3" nameFile="\feu-browser-fondi-1.0.22\src\main\java\com\nttdata\fondi\be\pom\consulenza\Sezioni.java" RemediationCost="0.64" NonRemediationFactor="5" DevelopmentCost="0" ViolationOfFile="1" Severity="Blocker" Application="FONDI-SELF" Solution="JAVA" Project="FONDI-SELF" IdApplication="1" CurrentValue="">
            <Hash idFile="410A6C32509B25407CFE8B830BC3AAFA" idSqale="SQALE_81" Hash="afd1e20900620e10c6768c5115702d2a21c6d394" Method="1277" SLOC="3" CurrentValue="#Line 48" />
          </File>
        </Hashs>
        <Hashs>
          <File idSQALE="SQALE_81" idFile="9D0E284740D7963D775B8F32F090B52E" LOC="169" SLOC="3" nameFile="\feu-browser-fondi-1.0.22\src\main\java\com\nttdata\fondi\be\pom\consulenza\SubStato.java" RemediationCost="0.64" NonRemediationFactor="5" DevelopmentCost="0" ViolationOfFile="1" Severity="Blocker" Application="FONDI-SELF" Solution="JAVA" Project="FONDI-SELF" IdApplication="1" CurrentValue="">
            <Hash idFile="9D0E284740D7963D775B8F32F090B52E" idSqale="SQALE_81" Hash="1fdf277930c393e27a6c36693897217684a4dcb8" Method="4422" SLOC="3" CurrentValue="#Line 163" />
          </File>
        </Hashs>
        <Hashs>
          <File idSQALE="SQALE_81" idFile="5DC0C6394DA55D95CDE6E75A054EC853" LOC="126" SLOC="3" nameFile="\feu-browser-fondi-1.0.22\src\main\java\com\nttdata\fondi\be\pom\oad\Azione.java" RemediationCost="0.64" NonRemediationFactor="5" DevelopmentCost="0" ViolationOfFile="1" Severity="Blocker" Application="FONDI-SELF" Solution="JAVA" Project="FONDI-SELF" IdApplication="1" CurrentValue="">
            <Hash idFile="5DC0C6394DA55D95CDE6E75A054EC853" idSqale="SQALE_81" Hash="523ab4c45a56d62dcf7ae707d6f7369a4959362b" Method="2799" SLOC="3" CurrentValue="#Line 120" />
          </File>
        </Hashs>
        <Hashs>
          <File idSQALE="SQALE_81" idFile="399E57869D9AA0D13B331D9CBF94FCCE" LOC="171" SLOC="3" nameFile="\feu-browser-fondi-1.0.22\src\main\java\com\nttdata\fondi\be\pom\oad\Canale.java" RemediationCost="0.64" NonRemediationFactor="5" DevelopmentCost="0" ViolationOfFile="1" Severity="Blocker" Application="FONDI-SELF" Solution="JAVA" Project="FONDI-SELF" IdApplication="1" CurrentValue="">
            <Hash idFile="399E57869D9AA0D13B331D9CBF94FCCE" idSqale="SQALE_81" Hash="ced3e9033bc57f4ce240d42b937e9580265363c6" Method="3979" SLOC="3" CurrentValue="#Line 165" />
          </File>
        </Hashs>
        <Hashs>
          <File idSQALE="SQALE_81" idFile="4D850BC788C83D4077290AA8DAF05F24" LOC="134" SLOC="3" nameFile="\feu-browser-fondi-1.0.22\src\main\java\com\nttdata\fondi\be\pom\oad\CodificaEsterna.java" RemediationCost="0.64" NonRemediationFactor="5" DevelopmentCost="0" ViolationOfFile="1" Severity="Blocker" Application="FONDI-SELF" Solution="JAVA" Project="FONDI-SELF" IdApplication="1" CurrentValue="">
            <Hash idFile="4D850BC788C83D4077290AA8DAF05F24" idSqale="SQALE_81" Hash="090f41de21a1a0611de5e1b3ae79ca5a72b99a1e" Method="2919" SLOC="3" CurrentValue="#Line 128" />
          </File>
        </Hashs>
        <Hashs>
          <File idSQALE="SQALE_81" idFile="F53ABB1D92865AE9F5C763B33B1A5805" LOC="103" SLOC="3" nameFile="\feu-browser-fondi-1.0.22\src\main\java\com\nttdata\fondi\be\pom\oad\ConsensoVisibilita.java" RemediationCost="0.64" NonRemediationFactor="5" DevelopmentCost="0" ViolationOfFile="1" Severity="Blocker" Application="FONDI-SELF" Solution="JAVA" Project="FONDI-SELF" IdApplication="1" CurrentValue="">
            <Hash idFile="F53ABB1D92865AE9F5C763B33B1A5805" idSqale="SQALE_81" Hash="cc38bf5be3eceb00c4b11bb09d94b9b65611fadc" Method="2440" SLOC="3" CurrentValue="#Line 97" />
          </File>
        </Hashs>
        <Hashs>
          <File idSQALE="SQALE_81" idFile="1B7B6417194E23123262D201BA8E72A8" LOC="128" SLOC="3" nameFile="\feu-browser-fondi-1.0.22\src\main\java\com\nttdata\fondi\be\pom\oad\InserisciIniziativaClienteResponse.java" RemediationCost="0.64" NonRemediationFactor="5" DevelopmentCost="0" ViolationOfFile="1" Severity="Blocker" Application="FONDI-SELF" Solution="JAVA" Project="FONDI-SELF" IdApplication="1" CurrentValue="">
            <Hash idFile="1B7B6417194E23123262D201BA8E72A8" idSqale="SQALE_81" Hash="dbc40426490cfcbc658dab31a3099926a0b09109" Method="3423" SLOC="3" CurrentValue="#Line 122" />
          </File>
        </Hashs>
        <Hashs>
          <File idSQALE="SQALE_81" idFile="27CC4BEE65D52663BF607CF3576CE3A7" LOC="103" SLOC="3" nameFile="\feu-browser-fondi-1.0.22\src\main\java\com\nttdata\fondi\be\pom\oad\Messaggio.java" RemediationCost="0.64" NonRemediationFactor="5" DevelopmentCost="0" ViolationOfFile="1" Severity="Blocker" Application="FONDI-SELF" Solution="JAVA" Project="FONDI-SELF" IdApplication="1" CurrentValue="">
            <Hash idFile="27CC4BEE65D52663BF607CF3576CE3A7" idSqale="SQALE_81" Hash="1cf985706449035080463e71649ef31a56e3f6de" Method="2313" SLOC="3" CurrentValue="#Line 97" />
          </File>
        </Hashs>
        <Hashs>
          <File idSQALE="SQALE_81" idFile="BEC2D25B9A6E06159DC2F21360CA4A4B" LOC="163" SLOC="3" nameFile="\feu-browser-fondi-1.0.22\src\main\java\com\nttdata\fondi\be\pom\oad\NotificheAlCliente.java" RemediationCost="0.64" NonRemediationFactor="5" DevelopmentCost="0" ViolationOfFile="1" Severity="Blocker" Application="FONDI-SELF" Solution="JAVA" Project="FONDI-SELF" IdApplication="1" CurrentValue="">
            <Hash idFile="BEC2D25B9A6E06159DC2F21360CA4A4B" idSqale="SQALE_81" Hash="6f4af27fd0f79860d2bffc5bfd98b6949a4c47fb" Method="4111" SLOC="3" CurrentValue="#Line 157" />
          </File>
        </Hashs>
        <Hashs>
          <File idSQALE="SQALE_81" idFile="0A7B5F4C9A29957009343F6440DD835C" LOC="150" SLOC="3" nameFile="\feu-browser-fondi-1.0.22\src\main\java\com\nttdata\fondi\be\pom\oad\Rapporto.java" RemediationCost="0.64" NonRemediationFactor="5" DevelopmentCost="0" ViolationOfFile="1" Severity="Blocker" Application="FONDI-SELF" Solution="JAVA" Project="FONDI-SELF" IdApplication="1" CurrentValue="">
            <Hash idFile="0A7B5F4C9A29957009343F6440DD835C" idSqale="SQALE_81" Hash="5ffa933362defdd6524f64639579972d3f11d65f" Method="3019" SLOC="3" CurrentValue="#Line 144" />
          </File>
        </Hashs>
        <Hashs>
          <File idSQALE="SQALE_81" idFile="0361F4D653C662DCAEF1858663486446" LOC="132" SLOC="3" nameFile="\feu-browser-fondi-1.0.22\src\main\java\com\nttdata\fondi\be\pom\oad\StoricoStato.java" RemediationCost="0.64" NonRemediationFactor="5" DevelopmentCost="0" ViolationOfFile="1" Severity="Blocker" Application="FONDI-SELF" Solution="JAVA" Project="FONDI-SELF" IdApplication="1" CurrentValue="">
            <Hash idFile="0361F4D653C662DCAEF1858663486446" idSqale="SQALE_81" Hash="4173b0cf8d64870f9af45ec8d6b2c2817551cd7f" Method="3500" SLOC="3" CurrentValue="#Line 126" />
          </File>
        </Hashs>
      </Files>
    </Violation>
    <Violation ID="SQALE_85" Characteristic="Reliability" NrThread="1" RemediationCost="0.16" Requirement="Suspicious comment" RFactor="0.16" Sev="Minor" Subcharacteristic="Readability">
      <Files>
        <Hashs>
          <File idSQALE="SQALE_85" idFile="4C1251935A7EC53E351A4FE129EEA86D" LOC="99" SLOC="0" nameFile="\feu-browser-fondi-1.0.22\src\main\java\com\nttdata\fondi\common\FondiConstants.java" RemediationCost="0.16" NonRemediationFactor="0.02" DevelopmentCost="0" ViolationOfFile="1" Severity="Minor" Application="FONDI-SELF" Solution="JAVA" Project="FONDI-SELF" IdApplication="1" CurrentValue="">
            <Hash idFile="4C1251935A7EC53E351A4FE129EEA86D" idSqale="SQALE_85" Hash="71959f9b2e6a0b83c9fa3a5d143b59bf6f97d9e7" Method="5056" SLOC="0" CurrentValue="#Line 96" />
          </File>
        </Hashs>
        <Hashs>
          <File idSQALE="SQALE_85" idFile="9B35EAC49F5E3AED175B05223229AAE3" LOC="1245" SLOC="69" nameFile="\feu-browser-fondi-1.0.22\src\main\java\com\nttdata\fondi\controller\service\FondiService.java" RemediationCost="0.16" NonRemediationFactor="0.02" DevelopmentCost="8" ViolationOfFile="1" Severity="Minor" Application="FONDI-SELF" Solution="JAVA" Project="FONDI-SELF" IdApplication="1" CurrentValue="">
            <Hash idFile="9B35EAC49F5E3AED175B05223229AAE3" idSqale="SQALE_85" Hash="24bb346a5f6e7dcb7276d6677edd52d9c12bfb51" Method="16866" SLOC="69" CurrentValue="#Line 511" />
          </File>
        </Hashs>
      </Files>
    </Violation>
    <Violation ID="SQALE_26" Characteristic="Changeability" NrThread="1" RemediationCost="0.64" Requirement="Avoid explicit constants directly used in the code, except 0, 1, True and False" RFactor="0.64" Sev="Major" Subcharacteristic="Data Related">
      <Files>
        <Hashs>
          <File idSQALE="SQALE_26" idFile="86E5F66BFE10E730B87C043DCCA26146" LOC="1602" SLOC="605" nameFile="\feu-browser-fondi-1.0.22\src\main\java\com\nttdata\fondi\controller\service\AccettaFondoService.java" RemediationCost="0.64" NonRemediationFactor="0.05" DevelopmentCost="36" ViolationOfFile="1" Severity="Major" Application="FONDI-SELF" Solution="JAVA" Project="FONDI-SELF" IdApplication="1" CurrentValue="">
            <Hash idFile="86E5F66BFE10E730B87C043DCCA26146" idSqale="SQALE_26" Hash="c2c72d35b33ffd2ca94bc2c8ff067f9766928f08" Method="31291" SLOC="605" CurrentValue="#Line 1133" />
          </File>
        </Hashs>
      </Files>
    </Violation>
  </Violations>
</ResultsOwasp_CWE>