<?xml version="1.0" standalone="yes"?>
<NewDataSet>
  <AddInfo>
    <TaskID>4</TaskID>
    <Qt>19</Qt>
    <Order>1</Order>
    <Rule>CWE561P1</Rule>
    <Severity>Blocker</Severity>
    <Description>Unused Private Method</Description>
    <Program />
    <Component />
    <hash />
  </AddInfo>
  <AddInfo>
    <TaskID>5</TaskID>
    <Qt>1</Qt>
    <Order>1</Order>
    <Rule>CWECONST</Rule>
    <Severity>Major</Severity>
    <Description>No explicit constants directly used in the code</Description>
    <Program />
    <Component />
    <hash />
  </AddInfo>
  <AddInfo>
    <TaskID>6</TaskID>
    <Qt>2</Qt>
    <Order>1</Order>
    <Rule>Sc01</Rule>
    <Severity>Minor</Severity>
    <Description>Suspicious Comment</Description>
    <Program />
    <Component />
    <hash />
  </AddInfo>
  <AddInfo>
    <TaskID>2</TaskID>
    <Qt>1</Qt>
    <Order>0</Order>
    <Rule>PasswordStored</Rule>
    <Severity>Critical</Severity>
    <Description>Password stored in plaintext (JAVA)</Description>
    <Program />
    <Component />
    <hash />
  </AddInfo>
  <AddInfo>
    <TaskID>1</TaskID>
    <Qt>5</Qt>
    <Order>0</Order>
    <Rule>PrivacyViolationOFF</Rule>
    <Severity>Critical</Severity>
    <Description>Privacy Violation - Autocomplete</Description>
    <Program />
    <Component />
    <hash />
  </AddInfo>
  <AddInfo>
    <TaskID>3</TaskID>
    <Qt>19</Qt>
    <Order>0</Order>
    <Rule>Securitymisc12js</Rule>
    <Severity>Major</Severity>
    <Description>Improper Logger (JavaScript)</Description>
    <Program />
    <Component />
    <hash />
  </AddInfo>
</NewDataSet>