Path;Class.Method;#Line;OWASP ID;CWE ID;Severity;Rule Description;Status;Note;@VulnID
"\feu-browser-fondi-1.0.22\src\main\java\com\nttdata\fondi\Application.java";"Application ";"12";"A06";"340";"1";"Spring annotation should not be used in the default package";"Not An Issue";"";"SpringAnnotation@afb71c";
"\feu-browser-fondi-1.0.22\src\main\java\com\nttdata\fondi\common\util\Encoding.java";"Encoding ";"198";"A01";"476";"1";"Null Pointer Deference (Nullable formal parameter)";"Not An Issue";"";"NullableFormalParameter@9b8138";
"\feu-browser-fondi-1.0.22\src\main\java\com\nttdata\fondi\common\util\Encoding.java";"Encoding ";"236";"A01";"476";"1";"Null Pointer Deference (Nullable formal parameter)";"Not An Issue";"";"NullableFormalParameter@9f0cc2";
"\feu-browser-fondi-1.0.22\src\main\java\com\nttdata\fondi\controller\service\AccettaFondoService.java";"AccettaFondoService ";"407";"A10";"117";"1";"Log Forging";"Not An Issue";"";"Injection19@8a3a23";
"\feu-browser-fondi-1.0.22\src\main\java\com\nttdata\fondi\controller\service\AccettaFondoService.java";"AccettaFondoService ";"686";"A01";"476";"1";"Null Pointer Deference (Nullable formal parameter)";"Not An Issue";"";"NullableFormalParameter@7a5dcd";
"\feu-browser-fondi-1.0.22\src\main\java\com\nttdata\fondi\controller\service\FondiService.java";"FondiService ";"649";"A10";"117";"1";"Log Forging";"Not An Issue";"";"Injection19@a6aee7";
"\feu-browser-fondi-1.0.22\src\main\java\com\nttdata\fondi\controller\service\FondiService.java";"FondiService ";"879";"A01";"476";"1";"Null Pointer Deference (Nullable formal parameter)";"Not An Issue";"";"NullableFormalParameter@6eea99";
"\feu-browser-fondi-1.0.22\src\main\java\com\nttdata\fondi\controller\service\FondiService.java";"FondiService ";"1189";"A01";"476";"1";"Null Pointer Deference (Nullable formal parameter)";"Not An Issue";"";"NullableFormalParameter@2927a1";
"\feu-browser-fondi-1.0.22\src\main\java\com\nttdata\fondi\controller\service\VerifichePreliminariService.java";"VerifichePreliminariService ";"381";"A10";"117";"1";"Log Forging";"Not An Issue";"";"Injection19@d7da0b";
"\feu-browser-fondi-1.0.22\src\main\java\com\nttdata\fondi\controller\service\VerifichePreliminariService.java";"VerifichePreliminariService ";"384";"A10";"117";"1";"Log Forging";"Not An Issue";"";"Injection19@1bcd74";
"\feu-browser-fondi-1.0.22\src\main\java\com\nttdata\fondi\controller\service\VerifichePreliminariService.java";"VerifichePreliminariService ";"430";"A10";"117";"1";"Log Forging";"Not An Issue";"";"Injection19@825520";
"\feu-browser-fondi-1.0.22\src\main\java\com\nttdata\fondi\controller\service\VerifichePreliminariService.java";"VerifichePreliminariService ";"523";"A10";"117";"1";"Log Forging";"Not An Issue";"";"Injection19@db14c9";
"\feu-browser-fondi-1.0.22\src\main\java\com\nttdata\fondi\controller\service\VerifichePreliminariService.java";"VerifichePreliminariService ";"564";"A10";"117";"1";"Log Forging";"Not An Issue";"";"Injection19@976a4e";
"\feu-browser-fondi-1.0.22\settings.xml";"settings ";"100";"A03";"522";"1";"Password in Configuration file";"Not An Issue";"";"Pcf@296490";
"\feu-browser-fondi-1.0.22\settings.xml";"settings ";"126";"A03";"522";"1";"Password in Configuration file";"Not An Issue";"";"Pcf@44a3d3";
"\feu-browser-fondi-1.0.22\src\main\java\com\nttdata\fondi\config\ApplicationConfig.java";"ApplicationConfig ";"314";"A05";"396";"2";"Poor Exception Handling (JAVA)";"Not An Issue";"";"PEH@6e2304";
"\feu-browser-fondi-1.0.22\src\main\java\com\nttdata\fondi\controller\FondiController.java";"FondiController ";"826";"A01";"476";"2";"Empty arrays and collections should be returned instead of null";"Not An Issue";"";"ReturnEmptyArrays@b1e29b";
"\feu-browser-fondi-1.0.22\src\main\java\com\nttdata\fondi\controller\FondiController.java";"FondiController ";"868";"A06";"359";"2";"Privacy Violation - Field (JAVA)";"Not An Issue";"";"PrivacyViolationFIELD@94e563";
"\feu-browser-fondi-1.0.22\src\main\java\com\nttdata\fondi\controller\FondiController.java";"FondiController ";"869";"A06";"359";"2";"Privacy Violation - Field (JAVA)";"Not An Issue";"";"PrivacyViolationFIELD@2c02b2";
"\feu-browser-fondi-1.0.22\src\main\java\com\nttdata\fondi\controller\FondiController.java";"FondiController ";"1049";"A06";"359";"2";"Privacy Violation - Field (JAVA)";"Not An Issue";"";"PrivacyViolationFIELD@6e7b23";
"\feu-browser-fondi-1.0.22\src\main\java\com\nttdata\fondi\controller\FondiController.java";"FondiController ";"1050";"A06";"359";"2";"Privacy Violation - Field (JAVA)";"Not An Issue";"";"PrivacyViolationFIELD@5c2dd0";
"\feu-browser-fondi-1.0.22\src\main\java\com\nttdata\fondi\controller\FondiController.java";"FondiController ";"198";"A05";"396";"2";"Poor Exception Handling (JAVA)";"Not An Issue";"";"PEH@09971f";
"\feu-browser-fondi-1.0.22\src\main\java\com\nttdata\fondi\controller\FondiController.java";"FondiController ";"225";"A05";"396";"2";"Poor Exception Handling (JAVA)";"Not An Issue";"";"PEH@325d0b";
"\feu-browser-fondi-1.0.22\src\main\java\com\nttdata\fondi\controller\FondiController.java";"FondiController ";"254";"A05";"396";"2";"Poor Exception Handling (JAVA)";"Not An Issue";"";"PEH@953904";
"\feu-browser-fondi-1.0.22\src\main\java\com\nttdata\fondi\controller\FondiController.java";"FondiController ";"278";"A05";"396";"2";"Poor Exception Handling (JAVA)";"Not An Issue";"";"PEH@93ae3c";
"\feu-browser-fondi-1.0.22\src\main\java\com\nttdata\fondi\controller\FondiController.java";"FondiController ";"310";"A05";"396";"2";"Poor Exception Handling (JAVA)";"Not An Issue";"";"PEH@f3edc4";
"\feu-browser-fondi-1.0.22\src\main\java\com\nttdata\fondi\controller\FondiController.java";"FondiController ";"335";"A05";"396";"2";"Poor Exception Handling (JAVA)";"Not An Issue";"";"PEH@5c1906";
"\feu-browser-fondi-1.0.22\src\main\java\com\nttdata\fondi\controller\FondiController.java";"FondiController ";"356";"A05";"396";"2";"Poor Exception Handling (JAVA)";"Not An Issue";"";"PEH@12b216";
"\feu-browser-fondi-1.0.22\src\main\java\com\nttdata\fondi\controller\FondiController.java";"FondiController ";"388";"A05";"396";"2";"Poor Exception Handling (JAVA)";"Not An Issue";"";"PEH@ba87ad";
"\feu-browser-fondi-1.0.22\src\main\java\com\nttdata\fondi\controller\FondiController.java";"FondiController ";"422";"A05";"396";"2";"Poor Exception Handling (JAVA)";"Not An Issue";"";"PEH@08160d";
"\feu-browser-fondi-1.0.22\src\main\java\com\nttdata\fondi\controller\FondiController.java";"FondiController ";"468";"A05";"396";"2";"Poor Exception Handling (JAVA)";"Not An Issue";"";"PEH@bc20ab";
"\feu-browser-fondi-1.0.22\src\main\java\com\nttdata\fondi\controller\FondiController.java";"FondiController ";"495";"A05";"396";"2";"Poor Exception Handling (JAVA)";"Not An Issue";"";"PEH@85d7e9";
"\feu-browser-fondi-1.0.22\src\main\java\com\nttdata\fondi\controller\FondiController.java";"FondiController ";"527";"A05";"396";"2";"Poor Exception Handling (JAVA)";"Not An Issue";"";"PEH@6cfab3";
"\feu-browser-fondi-1.0.22\src\main\java\com\nttdata\fondi\controller\FondiController.java";"FondiController ";"561";"A05";"396";"2";"Poor Exception Handling (JAVA)";"Not An Issue";"";"PEH@222e85";
"\feu-browser-fondi-1.0.22\src\main\java\com\nttdata\fondi\controller\FondiController.java";"FondiController ";"609";"A05";"396";"2";"Poor Exception Handling (JAVA)";"Not An Issue";"";"PEH@45ec8b";
"\feu-browser-fondi-1.0.22\src\main\java\com\nttdata\fondi\controller\FondiController.java";"FondiController ";"652";"A05";"396";"2";"Poor Exception Handling (JAVA)";"Not An Issue";"";"PEH@6df796";
"\feu-browser-fondi-1.0.22\src\main\java\com\nttdata\fondi\controller\FondiController.java";"FondiController ";"670";"A05";"396";"2";"Poor Exception Handling (JAVA)";"Not An Issue";"";"PEH@3314f0";
"\feu-browser-fondi-1.0.22\src\main\java\com\nttdata\fondi\controller\FondiController.java";"FondiController ";"729";"A05";"396";"2";"Poor Exception Handling (JAVA)";"Not An Issue";"";"PEH@8de518";
"\feu-browser-fondi-1.0.22\src\main\java\com\nttdata\fondi\controller\FondiController.java";"FondiController ";"771";"A05";"396";"2";"Poor Exception Handling (JAVA)";"Not An Issue";"";"PEH@6d08f5";
"\feu-browser-fondi-1.0.22\src\main\java\com\nttdata\fondi\controller\FondiController.java";"FondiController ";"815";"A05";"396";"2";"Poor Exception Handling (JAVA)";"Not An Issue";"";"PEH@b27c15";
"\feu-browser-fondi-1.0.22\src\main\java\com\nttdata\fondi\controller\FondiController.java";"FondiController ";"924";"A05";"396";"2";"Poor Exception Handling (JAVA)";"Not An Issue";"";"PEH@4418a2";
"\feu-browser-fondi-1.0.22\src\main\java\com\nttdata\fondi\controller\FondiController.java";"FondiController ";"968";"A05";"396";"2";"Poor Exception Handling (JAVA)";"Not An Issue";"";"PEH@0a9bc9";
"\feu-browser-fondi-1.0.22\src\main\java\com\nttdata\fondi\controller\FondiController.java";"FondiController ";"997";"A05";"396";"2";"Poor Exception Handling (JAVA)";"Not An Issue";"";"PEH@1d7297";
"\feu-browser-fondi-1.0.22\src\main\java\com\nttdata\fondi\controller\FondiController.java";"FondiController ";"1095";"A05";"396";"2";"Poor Exception Handling (JAVA)";"Not An Issue";"";"PEH@f8c677";
"\feu-browser-fondi-1.0.22\src\main\java\com\nttdata\fondi\controller\FondiControllerMockBe.java";"FondiControllerMockBe ";"217";"A01";"476";"2";"Empty arrays and collections should be returned instead of null";"Not An Issue";"";"ReturnEmptyArrays@2ca56c";
"\feu-browser-fondi-1.0.22\src\main\java\com\nttdata\fondi\controller\FondiControllerMockBe.java";"FondiControllerMockBe ";"87";"A05";"396";"2";"Poor Exception Handling (JAVA)";"Not An Issue";"";"PEH@56161f";
"\feu-browser-fondi-1.0.22\src\main\java\com\nttdata\fondi\controller\FondiControllerMockBe.java";"FondiControllerMockBe ";"134";"A05";"396";"2";"Poor Exception Handling (JAVA)";"Not An Issue";"";"PEH@ee993e";
"\feu-browser-fondi-1.0.22\src\main\java\com\nttdata\fondi\controller\FondiControllerMockBe.java";"FondiControllerMockBe ";"164";"A05";"396";"2";"Poor Exception Handling (JAVA)";"Not An Issue";"";"PEH@b0a0a7";
"\feu-browser-fondi-1.0.22\src\main\java\com\nttdata\fondi\controller\FondiControllerMockBe.java";"FondiControllerMockBe ";"186";"A05";"396";"2";"Poor Exception Handling (JAVA)";"Not An Issue";"";"PEH@c530a4";
"\feu-browser-fondi-1.0.22\src\main\java\com\nttdata\fondi\controller\FondiControllerMockBe.java";"FondiControllerMockBe ";"202";"A05";"396";"2";"Poor Exception Handling (JAVA)";"Not An Issue";"";"PEH@4e10bf";
"\feu-browser-fondi-1.0.22\src\main\java\com\nttdata\fondi\controller\FondiControllerMockBe.java";"FondiControllerMockBe ";"218";"A05";"396";"2";"Poor Exception Handling (JAVA)";"Not An Issue";"";"PEH@14dc43";
"\feu-browser-fondi-1.0.22\src\main\java\com\nttdata\fondi\controller\FondiControllerMockBe.java";"FondiControllerMockBe ";"234";"A05";"396";"2";"Poor Exception Handling (JAVA)";"Not An Issue";"";"PEH@5a7ae0";
"\feu-browser-fondi-1.0.22\src\main\java\com\nttdata\fondi\controller\FondiControllerMockBe.java";"FondiControllerMockBe ";"278";"A05";"396";"2";"Poor Exception Handling (JAVA)";"Not An Issue";"";"PEH@fba4e2";
"\feu-browser-fondi-1.0.22\src\main\java\com\nttdata\fondi\controller\FondiControllerMockBe.java";"FondiControllerMockBe ";"311";"A05";"396";"2";"Poor Exception Handling (JAVA)";"Not An Issue";"";"PEH@1196b8";
"\feu-browser-fondi-1.0.22\src\main\java\com\nttdata\fondi\controller\FondiControllerMockBe.java";"FondiControllerMockBe ";"346";"A05";"396";"2";"Poor Exception Handling (JAVA)";"Not An Issue";"";"PEH@1e0eaf";
"\feu-browser-fondi-1.0.22\src\main\java\com\nttdata\fondi\controller\FondiControllerMockBe.java";"FondiControllerMockBe ";"375";"A05";"396";"2";"Poor Exception Handling (JAVA)";"Not An Issue";"";"PEH@f96423";
"\feu-browser-fondi-1.0.22\src\main\java\com\nttdata\fondi\controller\FondiControllerMockBe.java";"FondiControllerMockBe ";"423";"A05";"396";"2";"Poor Exception Handling (JAVA)";"Not An Issue";"";"PEH@a318bd";
"\feu-browser-fondi-1.0.22\src\main\java\com\nttdata\fondi\controller\FondiControllerMockBe.java";"FondiControllerMockBe ";"446";"A05";"396";"2";"Poor Exception Handling (JAVA)";"Not An Issue";"";"PEH@ca5e40";
"\feu-browser-fondi-1.0.22\src\main\java\com\nttdata\fondi\controller\FondiControllerMockBe.java";"FondiControllerMockBe ";"469";"A05";"396";"2";"Poor Exception Handling (JAVA)";"Not An Issue";"";"PEH@f3da95";
"\feu-browser-fondi-1.0.22\src\main\java\com\nttdata\fondi\controller\FondiControllerMockBe.java";"FondiControllerMockBe ";"519";"A05";"396";"2";"Poor Exception Handling (JAVA)";"Not An Issue";"";"PEH@0f5f56";
"\feu-browser-fondi-1.0.22\src\main\java\com\nttdata\fondi\controller\FondiControllerMockBe.java";"FondiControllerMockBe ";"559";"A05";"396";"2";"Poor Exception Handling (JAVA)";"Not An Issue";"";"PEH@35ad27";
"\feu-browser-fondi-1.0.22\src\main\java\com\nttdata\fondi\controller\FondiControllerMockBe.java";"FondiControllerMockBe ";"584";"A05";"396";"2";"Poor Exception Handling (JAVA)";"Not An Issue";"";"PEH@72c79b";
"\feu-browser-fondi-1.0.22\src\main\java\com\nttdata\fondi\controller\FondiControllerMockBe.java";"FondiControllerMockBe ";"636";"A05";"396";"2";"Poor Exception Handling (JAVA)";"Not An Issue";"";"PEH@ee37f3";
"\feu-browser-fondi-1.0.22\src\main\java\com\nttdata\fondi\controller\FondiControllerMockBe.java";"FondiControllerMockBe ";"677";"A05";"396";"2";"Poor Exception Handling (JAVA)";"Not An Issue";"";"PEH@d995eb";
"\feu-browser-fondi-1.0.22\src\main\java\com\nttdata\fondi\controller\FondiControllerMockBe.java";"FondiControllerMockBe ";"715";"A05";"396";"2";"Poor Exception Handling (JAVA)";"Not An Issue";"";"PEH@e841d1";
"\feu-browser-fondi-1.0.22\src\main\java\com\nttdata\fondi\controller\FondiControllerMockBe.java";"FondiControllerMockBe ";"733";"A05";"396";"2";"Poor Exception Handling (JAVA)";"Not An Issue";"";"PEH@829661";
"\feu-browser-fondi-1.0.22\src\main\java\com\nttdata\fondi\controller\FondiControllerMockBe.java";"FondiControllerMockBe ";"759";"A05";"396";"2";"Poor Exception Handling (JAVA)";"Not An Issue";"";"PEH@bb03cf";
"\feu-browser-fondi-1.0.22\src\main\java\com\nttdata\fondi\controller\FondiControllerMockFe.java";"FondiControllerMockFe ";"76";"A05";"396";"2";"Poor Exception Handling (JAVA)";"Not An Issue";"";"PEH@a4c6b3";
"\feu-browser-fondi-1.0.22\src\main\java\com\nttdata\fondi\controller\FondiControllerMockFe.java";"FondiControllerMockFe ";"93";"A05";"396";"2";"Poor Exception Handling (JAVA)";"Not An Issue";"";"PEH@1a9abc";
"\feu-browser-fondi-1.0.22\src\main\java\com\nttdata\fondi\controller\FondiControllerMockFe.java";"FondiControllerMockFe ";"113";"A05";"396";"2";"Poor Exception Handling (JAVA)";"Not An Issue";"";"PEH@e42cd6";
"\feu-browser-fondi-1.0.22\src\main\java\com\nttdata\fondi\controller\FondiControllerMockFe.java";"FondiControllerMockFe ";"146";"A05";"396";"2";"Poor Exception Handling (JAVA)";"Not An Issue";"";"PEH@39bfb8";
"\feu-browser-fondi-1.0.22\src\main\java\com\nttdata\fondi\controller\FondiControllerMockFe.java";"FondiControllerMockFe ";"226";"A05";"396";"2";"Poor Exception Handling (JAVA)";"Not An Issue";"";"PEH@a087d9";
"\feu-browser-fondi-1.0.22\src\main\java\com\nttdata\fondi\controller\FondiControllerMockFe.java";"FondiControllerMockFe ";"246";"A05";"396";"2";"Poor Exception Handling (JAVA)";"Not An Issue";"";"PEH@9f38e7";
"\feu-browser-fondi-1.0.22\src\main\java\com\nttdata\fondi\controller\FondiControllerMockFe.java";"FondiControllerMockFe ";"269";"A05";"396";"2";"Poor Exception Handling (JAVA)";"Not An Issue";"";"PEH@aeaef0";
"\feu-browser-fondi-1.0.22\src\main\java\com\nttdata\fondi\be\metadata\MetadataProfilazione.java";"MetadataProfilazione ";"126";"A05";"396";"2";"Poor Exception Handling (JAVA)";"Not An Issue";"";"PEH@4cc387";
"\feu-browser-fondi-1.0.22\src\main\java\com\nttdata\fondi\config\cache\LocalCacheFondi.java";"LocalCacheFondi ";"62";"A05";"396";"2";"Poor Exception Handling (JAVA)";"Not An Issue";"";"PEH@e3bc9c";
"\feu-browser-fondi-1.0.22\src\main\java\com\nttdata\fondi\config\cache\LocalCacheFondi.java";"LocalCacheFondi ";"80";"A05";"396";"2";"Poor Exception Handling (JAVA)";"Not An Issue";"";"PEH@c84d3b";
"\feu-browser-fondi-1.0.22\src\main\java\com\nttdata\fondi\config\cache\LocalCacheFondi.java";"LocalCacheFondi ";"99";"A05";"396";"2";"Poor Exception Handling (JAVA)";"Not An Issue";"";"PEH@444a2b";
"\feu-browser-fondi-1.0.22\src\main\java\com\nttdata\fondi\controller\service\AccettaFondoService.java";"AccettaFondoService ";"494";"A06";"359";"2";"Privacy Violation - Field (JAVA)";"Not An Issue";"";"PrivacyViolationFIELD@02a2ed";
"\feu-browser-fondi-1.0.22\src\main\java\com\nttdata\fondi\controller\service\AccettaFondoService.java";"AccettaFondoService ";"494";"A06";"359";"2";"Privacy Violation - Field (JAVA)";"Not An Issue";"";"PrivacyViolationFIELD@02a2ed1";
"\feu-browser-fondi-1.0.22\src\main\java\com\nttdata\fondi\controller\service\AccettaFondoService.java";"AccettaFondoService ";"900";"A06";"359";"2";"Privacy Violation - Field (JAVA)";"Not An Issue";"";"PrivacyViolationFIELD@661ba7";
"\feu-browser-fondi-1.0.22\src\main\java\com\nttdata\fondi\controller\service\AccettaFondoService.java";"AccettaFondoService ";"1082";"A06";"359";"2";"Privacy Violation - Field (JAVA)";"Not An Issue";"";"PrivacyViolationFIELD@48974b";
"\feu-browser-fondi-1.0.22\src\main\java\com\nttdata\fondi\controller\service\AccettaFondoService.java";"AccettaFondoService ";"1122";"A06";"359";"2";"Privacy Violation - Field (JAVA)";"Not An Issue";"";"PrivacyViolationFIELD@34ae61";
"\feu-browser-fondi-1.0.22\src\main\java\com\nttdata\fondi\controller\service\AccettaFondoService.java";"AccettaFondoService ";"888";"A06";"359";"2";"Privacy Violation - Field (JAVA)";"Not An Issue";"";"PrivacyViolationFIELD@9b62f5";
"\feu-browser-fondi-1.0.22\src\main\java\com\nttdata\fondi\controller\service\AccettaFondoService.java";"AccettaFondoService ";"1070";"A06";"359";"2";"Privacy Violation - Field (JAVA)";"Not An Issue";"";"PrivacyViolationFIELD@e2b308";
"\feu-browser-fondi-1.0.22\src\main\java\com\nttdata\fondi\controller\service\AccettaFondoService.java";"AccettaFondoService ";"1073";"A06";"359";"2";"Privacy Violation - Field (JAVA)";"Not An Issue";"";"PrivacyViolationFIELD@dbd2a3";
"\feu-browser-fondi-1.0.22\src\main\java\com\nttdata\fondi\controller\service\AccettaFondoService.java";"AccettaFondoService ";"1576";"A06";"359";"2";"Privacy Violation - Field (JAVA)";"Not An Issue";"";"PrivacyViolationFIELD@b1284f";
"\feu-browser-fondi-1.0.22\src\main\java\com\nttdata\fondi\controller\service\AccettaFondoService.java";"AccettaFondoService ";"1578";"A06";"359";"2";"Privacy Violation - Field (JAVA)";"Not An Issue";"";"PrivacyViolationFIELD@b7822f";
"\feu-browser-fondi-1.0.22\src\main\java\com\nttdata\fondi\controller\service\AccettaFondoService.java";"AccettaFondoService ";"888";"A06";"359";"2";"Privacy Violation - Field (JAVA)";"Not An Issue";"";"PrivacyViolationFIELD@9b62f51";
"\feu-browser-fondi-1.0.22\src\main\java\com\nttdata\fondi\controller\service\AccettaFondoService.java";"AccettaFondoService ";"1070";"A06";"359";"2";"Privacy Violation - Field (JAVA)";"Not An Issue";"";"PrivacyViolationFIELD@e2b3081";
"\feu-browser-fondi-1.0.22\src\main\java\com\nttdata\fondi\controller\service\AccettaFondoService.java";"AccettaFondoService ";"1073";"A06";"359";"2";"Privacy Violation - Field (JAVA)";"Not An Issue";"";"PrivacyViolationFIELD@dbd2a31";
"\feu-browser-fondi-1.0.22\src\main\java\com\nttdata\fondi\controller\service\AccettaFondoService.java";"AccettaFondoService ";"1576";"A06";"359";"2";"Privacy Violation - Field (JAVA)";"Not An Issue";"";"PrivacyViolationFIELD@b1284f1";
"\feu-browser-fondi-1.0.22\src\main\java\com\nttdata\fondi\controller\service\AccettaFondoService.java";"AccettaFondoService ";"1578";"A06";"359";"2";"Privacy Violation - Field (JAVA)";"Not An Issue";"";"PrivacyViolationFIELD@b7822f1";
"\feu-browser-fondi-1.0.22\src\main\java\com\nttdata\fondi\controller\service\AccettaFondoService.java";"AccettaFondoService ";"1590";"A06";"359";"2";"Privacy Violation - Field (JAVA)";"Not An Issue";"";"PrivacyViolationFIELD@ae2455";
"\feu-browser-fondi-1.0.22\src\main\java\com\nttdata\fondi\controller\service\AccettaFondoService.java";"AccettaFondoService ";"888";"A06";"359";"2";"Privacy Violation - Field (JAVA)";"Not An Issue";"";"PrivacyViolationFIELD@9b62f511";
"\feu-browser-fondi-1.0.22\src\main\java\com\nttdata\fondi\controller\service\AccettaFondoService.java";"AccettaFondoService ";"1070";"A06";"359";"2";"Privacy Violation - Field (JAVA)";"Not An Issue";"";"PrivacyViolationFIELD@e2b30811";
"\feu-browser-fondi-1.0.22\src\main\java\com\nttdata\fondi\controller\service\AccettaFondoService.java";"AccettaFondoService ";"1073";"A06";"359";"2";"Privacy Violation - Field (JAVA)";"Not An Issue";"";"PrivacyViolationFIELD@dbd2a311";
"\feu-browser-fondi-1.0.22\src\main\java\com\nttdata\fondi\controller\service\AccettaFondoService.java";"AccettaFondoService ";"1576";"A06";"359";"2";"Privacy Violation - Field (JAVA)";"Not An Issue";"";"PrivacyViolationFIELD@b1284f11";
"\feu-browser-fondi-1.0.22\src\main\java\com\nttdata\fondi\controller\service\AccettaFondoService.java";"AccettaFondoService ";"1578";"A06";"359";"2";"Privacy Violation - Field (JAVA)";"Not An Issue";"";"PrivacyViolationFIELD@b7822f11";
"\feu-browser-fondi-1.0.22\src\main\java\com\nttdata\fondi\controller\service\AccettaFondoService.java";"AccettaFondoService ";"164";"A05";"397";"2";"Poor Exception Handling-Throw";"Not An Issue";"";"PEHThrow@e9ac44";
"\feu-browser-fondi-1.0.22\src\main\java\com\nttdata\fondi\controller\service\AccettaFondoService.java";"AccettaFondoService ";"696";"A05";"397";"2";"Poor Exception Handling-Throw";"Not An Issue";"";"PEHThrow@a7a587";
"\feu-browser-fondi-1.0.22\src\main\java\com\nttdata\fondi\controller\service\AccettaFondoService.java";"AccettaFondoService ";"237";"A05";"396";"2";"Poor Exception Handling (JAVA)";"Not An Issue";"";"PEH@7de665";
"\feu-browser-fondi-1.0.22\src\main\java\com\nttdata\fondi\controller\service\AccettaFondoService.java";"AccettaFondoService ";"397";"A05";"396";"2";"Poor Exception Handling (JAVA)";"Not An Issue";"";"PEH@79e579";
"\feu-browser-fondi-1.0.22\src\main\java\com\nttdata\fondi\controller\service\AccettaFondoService.java";"AccettaFondoService ";"445";"A05";"396";"2";"Poor Exception Handling (JAVA)";"Not An Issue";"";"PEH@9e55d5";
"\feu-browser-fondi-1.0.22\src\main\java\com\nttdata\fondi\controller\service\AccettaFondoService.java";"AccettaFondoService ";"464";"A05";"396";"2";"Poor Exception Handling (JAVA)";"Not An Issue";"";"PEH@b274e0";
"\feu-browser-fondi-1.0.22\src\main\java\com\nttdata\fondi\controller\service\AnnullaPraticaService.java";"AnnullaPraticaService ";"101";"A05";"396";"2";"Poor Exception Handling (JAVA)";"Not An Issue";"";"PEH@4a8b17";
"\feu-browser-fondi-1.0.22\src\main\java\com\nttdata\fondi\controller\service\AperturaService.java";"AperturaService ";"85";"A05";"396";"2";"Poor Exception Handling (JAVA)";"Not An Issue";"";"PEH@ed7f0b";
"\feu-browser-fondi-1.0.22\src\main\java\com\nttdata\fondi\controller\service\AperturaService.java";"AperturaService ";"204";"A05";"396";"2";"Poor Exception Handling (JAVA)";"Not An Issue";"";"PEH@6ef870";
"\feu-browser-fondi-1.0.22\src\main\java\com\nttdata\fondi\controller\service\CertificazioneService.java";"CertificazioneService ";"185";"A03";"321";"2";"Hardcoded Encryption Key (JAVA)";"Not An Issue";"";"HardcodedEncryptionJAVA@ce6ffb";
"\feu-browser-fondi-1.0.22\src\main\java\com\nttdata\fondi\controller\service\CertificazioneService.java";"CertificazioneService ";"66";"A05";"397";"2";"Poor Exception Handling-Throw";"Not An Issue";"";"PEHThrow@7668d9";
"\feu-browser-fondi-1.0.22\src\main\java\com\nttdata\fondi\controller\service\CertificazioneService.java";"CertificazioneService ";"156";"A05";"397";"2";"Poor Exception Handling-Throw";"Not An Issue";"";"PEHThrow@deba96";
"\feu-browser-fondi-1.0.22\src\main\java\com\nttdata\fondi\controller\service\CertificazioneService.java";"CertificazioneService ";"175";"A05";"397";"2";"Poor Exception Handling-Throw";"Not An Issue";"";"PEHThrow@6c48e8";
"\feu-browser-fondi-1.0.22\src\main\java\com\nttdata\fondi\controller\service\CertificazioneService.java";"CertificazioneService ";"207";"A05";"396";"2";"Poor Exception Handling (JAVA)";"Not An Issue";"";"PEH@920c1f";
"\feu-browser-fondi-1.0.22\src\main\java\com\nttdata\fondi\controller\service\CertificazioneService.java";"CertificazioneService ";"235";"A05";"396";"2";"Poor Exception Handling (JAVA)";"Not An Issue";"";"PEH@44f64e";
"\feu-browser-fondi-1.0.22\src\main\java\com\nttdata\fondi\controller\service\CertificazioneService.java";"CertificazioneService ";"239";"A05";"396";"2";"Poor Exception Handling (JAVA)";"Not An Issue";"";"PEH@beffcc";
"\feu-browser-fondi-1.0.22\src\main\java\com\nttdata\fondi\controller\service\ConsulenzeService.java";"ConsulenzeService ";"42";"A05";"397";"2";"Poor Exception Handling-Throw";"Not An Issue";"";"PEHThrow@8fc48a";
"\feu-browser-fondi-1.0.22\src\main\java\com\nttdata\fondi\controller\service\ConsulenzeService.java";"ConsulenzeService ";"71";"A05";"397";"2";"Poor Exception Handling-Throw";"Not An Issue";"";"PEHThrow@8f7186";
"\feu-browser-fondi-1.0.22\src\main\java\com\nttdata\fondi\controller\service\ConsulenzeService.java";"ConsulenzeService ";"108";"A05";"397";"2";"Poor Exception Handling-Throw";"Not An Issue";"";"PEHThrow@dd60ab";
"\feu-browser-fondi-1.0.22\src\main\java\com\nttdata\fondi\controller\service\ConsulenzeService.java";"ConsulenzeService ";"138";"A05";"397";"2";"Poor Exception Handling-Throw";"Not An Issue";"";"PEHThrow@66a29d";
"\feu-browser-fondi-1.0.22\src\main\java\com\nttdata\fondi\controller\service\ConsulenzeService.java";"ConsulenzeService ";"172";"A05";"397";"2";"Poor Exception Handling-Throw";"Not An Issue";"";"PEHThrow@2aea44";
"\feu-browser-fondi-1.0.22\src\main\java\com\nttdata\fondi\controller\service\ConsulenzeService.java";"ConsulenzeService ";"52";"A05";"396";"2";"Poor Exception Handling (JAVA)";"Not An Issue";"";"PEH@89ac1b";
"\feu-browser-fondi-1.0.22\src\main\java\com\nttdata\fondi\controller\service\ConsulenzeService.java";"ConsulenzeService ";"63";"A05";"396";"2";"Poor Exception Handling (JAVA)";"Not An Issue";"";"PEH@124ec9";
"\feu-browser-fondi-1.0.22\src\main\java\com\nttdata\fondi\controller\service\ConsulenzeService.java";"ConsulenzeService ";"102";"A05";"396";"2";"Poor Exception Handling (JAVA)";"Not An Issue";"";"PEH@d3dabd";
"\feu-browser-fondi-1.0.22\src\main\java\com\nttdata\fondi\controller\service\ConsulenzeService.java";"ConsulenzeService ";"118";"A05";"396";"2";"Poor Exception Handling (JAVA)";"Not An Issue";"";"PEH@c63f55";
"\feu-browser-fondi-1.0.22\src\main\java\com\nttdata\fondi\controller\service\ConsulenzeService.java";"ConsulenzeService ";"130";"A05";"396";"2";"Poor Exception Handling (JAVA)";"Not An Issue";"";"PEH@7a9aae";
"\feu-browser-fondi-1.0.22\src\main\java\com\nttdata\fondi\controller\service\CrmDynamicsService.java";"CrmDynamicsService ";"106";"A05";"397";"2";"Poor Exception Handling-Throw";"Not An Issue";"";"PEHThrow@c8bb4d";
"\feu-browser-fondi-1.0.22\src\main\java\com\nttdata\fondi\controller\service\CrmDynamicsService.java";"CrmDynamicsService ";"217";"A05";"397";"2";"Poor Exception Handling-Throw";"Not An Issue";"";"PEHThrow@0ed0c2";
"\feu-browser-fondi-1.0.22\src\main\java\com\nttdata\fondi\controller\service\FondiGetAuthenticationService.java";"FondiGetAuthenticationService ";"42";"A06";"798";"2";"Password stored in plaintext (JAVA)";"Confirmed";"";"PasswordStored@33b266";
"\feu-browser-fondi-1.0.22\src\main\java\com\nttdata\fondi\controller\service\FondiGetAuthenticationService.java";"FondiGetAuthenticationService ";"61";"A05";"396";"2";"Poor Exception Handling (JAVA)";"Not An Issue";"";"PEH@31e782";
"\feu-browser-fondi-1.0.22\src\main\java\com\nttdata\fondi\controller\service\FondiGetAuthenticationService.java";"FondiGetAuthenticationService ";"102";"A05";"396";"2";"Poor Exception Handling (JAVA)";"Not An Issue";"";"PEH@2c82a3";
"\feu-browser-fondi-1.0.22\src\main\java\com\nttdata\fondi\controller\service\FondiService.java";"FondiService ";"135";"A05";"397";"2";"Poor Exception Handling-Throw";"Not An Issue";"";"PEHThrow@87185e";
"\feu-browser-fondi-1.0.22\src\main\java\com\nttdata\fondi\controller\service\FondiService.java";"FondiService ";"1047";"A05";"397";"2";"Poor Exception Handling-Throw";"Not An Issue";"";"PEHThrow@52c7f1";
"\feu-browser-fondi-1.0.22\src\main\java\com\nttdata\fondi\controller\service\FondiService.java";"FondiService ";"185";"A05";"396";"2";"Poor Exception Handling (JAVA)";"Not An Issue";"";"PEH@6aaada";
"\feu-browser-fondi-1.0.22\src\main\java\com\nttdata\fondi\controller\service\FondiService.java";"FondiService ";"198";"A05";"396";"2";"Poor Exception Handling (JAVA)";"Not An Issue";"";"PEH@584590";
"\feu-browser-fondi-1.0.22\src\main\java\com\nttdata\fondi\controller\service\FondiService.java";"FondiService ";"284";"A05";"396";"2";"Poor Exception Handling (JAVA)";"Not An Issue";"";"PEH@17e95f";
"\feu-browser-fondi-1.0.22\src\main\java\com\nttdata\fondi\controller\service\FondiService.java";"FondiService ";"383";"A05";"396";"2";"Poor Exception Handling (JAVA)";"Not An Issue";"";"PEH@32a4cb";
"\feu-browser-fondi-1.0.22\src\main\java\com\nttdata\fondi\controller\service\FondiService.java";"FondiService ";"400";"A05";"396";"2";"Poor Exception Handling (JAVA)";"Not An Issue";"";"PEH@2e32ed";
"\feu-browser-fondi-1.0.22\src\main\java\com\nttdata\fondi\controller\service\FondiService.java";"FondiService ";"461";"A05";"396";"2";"Poor Exception Handling (JAVA)";"Not An Issue";"";"PEH@cb274a";
"\feu-browser-fondi-1.0.22\src\main\java\com\nttdata\fondi\controller\service\FondiService.java";"FondiService ";"571";"A05";"396";"2";"Poor Exception Handling (JAVA)";"Not An Issue";"";"PEH@881ee2";
"\feu-browser-fondi-1.0.22\src\main\java\com\nttdata\fondi\controller\service\FondiService.java";"FondiService ";"712";"A05";"396";"2";"Poor Exception Handling (JAVA)";"Not An Issue";"";"PEH@364583";
"\feu-browser-fondi-1.0.22\src\main\java\com\nttdata\fondi\controller\service\FondiService.java";"FondiService ";"802";"A05";"396";"2";"Poor Exception Handling (JAVA)";"Not An Issue";"";"PEH@e87eb7";
"\feu-browser-fondi-1.0.22\src\main\java\com\nttdata\fondi\controller\service\FondiService.java";"FondiService ";"916";"A05";"396";"2";"Poor Exception Handling (JAVA)";"Not An Issue";"";"PEH@43435c";
"\feu-browser-fondi-1.0.22\src\main\java\com\nttdata\fondi\controller\service\FondiService.java";"FondiService ";"964";"A05";"396";"2";"Poor Exception Handling (JAVA)";"Not An Issue";"";"PEH@d174cd";
"\feu-browser-fondi-1.0.22\src\main\java\com\nttdata\fondi\controller\service\FondiService.java";"FondiService ";"1042";"A05";"396";"2";"Poor Exception Handling (JAVA)";"Not An Issue";"";"PEH@95b838";
"\feu-browser-fondi-1.0.22\src\main\java\com\nttdata\fondi\controller\service\FondiService.java";"FondiService ";"1219";"A05";"396";"2";"Poor Exception Handling (JAVA)";"Not An Issue";"";"PEH@dc40cd";
"\feu-browser-fondi-1.0.22\src\main\java\com\nttdata\fondi\controller\service\MifidService.java";"MifidService ";"59";"A05";"397";"2";"Poor Exception Handling-Throw";"Not An Issue";"";"PEHThrow@6f8c9a";
"\feu-browser-fondi-1.0.22\src\main\java\com\nttdata\fondi\controller\service\MifidService.java";"MifidService ";"132";"A05";"397";"2";"Poor Exception Handling-Throw";"Not An Issue";"";"PEHThrow@d3a9a0";
"\feu-browser-fondi-1.0.22\src\main\java\com\nttdata\fondi\controller\service\MifidService.java";"MifidService ";"184";"A05";"397";"2";"Poor Exception Handling-Throw";"Not An Issue";"";"PEHThrow@1c4fd8";
"\feu-browser-fondi-1.0.22\src\main\java\com\nttdata\fondi\controller\service\MifidService.java";"MifidService ";"96";"A05";"396";"2";"Poor Exception Handling (JAVA)";"Not An Issue";"";"PEH@cf9e91";
"\feu-browser-fondi-1.0.22\src\main\java\com\nttdata\fondi\controller\service\MifidService.java";"MifidService ";"117";"A05";"396";"2";"Poor Exception Handling (JAVA)";"Not An Issue";"";"PEH@6e4f43";
"\feu-browser-fondi-1.0.22\src\main\java\com\nttdata\fondi\controller\service\MifidService.java";"MifidService ";"194";"A05";"396";"2";"Poor Exception Handling (JAVA)";"Not An Issue";"";"PEH@79f2ef";
"\feu-browser-fondi-1.0.22\src\main\java\com\nttdata\fondi\controller\service\QuestionarioService.java";"QuestionarioService ";"59";"A05";"397";"2";"Poor Exception Handling-Throw";"Not An Issue";"";"PEHThrow@df77e8";
"\feu-browser-fondi-1.0.22\src\main\java\com\nttdata\fondi\controller\service\QuestionarioService.java";"QuestionarioService ";"88";"A05";"397";"2";"Poor Exception Handling-Throw";"Not An Issue";"";"PEHThrow@de3747";
"\feu-browser-fondi-1.0.22\src\main\java\com\nttdata\fondi\controller\service\QuestionarioService.java";"QuestionarioService ";"188";"A05";"397";"2";"Poor Exception Handling-Throw";"Not An Issue";"";"PEHThrow@57c20f";
"\feu-browser-fondi-1.0.22\src\main\java\com\nttdata\fondi\controller\service\VerificaMifidService.java";"VerificaMifidService ";"49";"A05";"397";"2";"Poor Exception Handling-Throw";"Not An Issue";"";"PEHThrow@2f9b8f";
"\feu-browser-fondi-1.0.22\src\main\java\com\nttdata\fondi\controller\service\VerificaMifidService.java";"VerificaMifidService ";"97";"A05";"396";"2";"Poor Exception Handling (JAVA)";"Not An Issue";"";"PEH@f27e25";
"\feu-browser-fondi-1.0.22\src\main\java\com\nttdata\fondi\controller\service\VerificaMifidService.java";"VerificaMifidService ";"106";"A05";"396";"2";"Poor Exception Handling (JAVA)";"Not An Issue";"";"PEH@f88db8";
"\feu-browser-fondi-1.0.22\src\main\java\com\nttdata\fondi\controller\service\VerificaSignature.java";"VerificaSignature ";"35";"A05";"397";"2";"Poor Exception Handling-Throw";"Not An Issue";"";"PEHThrow@e39953";
"\feu-browser-fondi-1.0.22\src\main\java\com\nttdata\fondi\controller\service\VerificaSignature.java";"VerificaSignature ";"62";"A05";"396";"2";"Poor Exception Handling (JAVA)";"Not An Issue";"";"PEH@2192b9";
"\feu-browser-fondi-1.0.22\src\main\java\com\nttdata\fondi\controller\service\VerificaSignature.java";"VerificaSignature ";"101";"A05";"396";"2";"Poor Exception Handling (JAVA)";"Not An Issue";"";"PEH@e94659";
"\feu-browser-fondi-1.0.22\src\main\java\com\nttdata\fondi\controller\service\VerificaSignature.java";"VerificaSignature ";"107";"A05";"396";"2";"Poor Exception Handling (JAVA)";"Not An Issue";"";"PEH@63fb54";
"\feu-browser-fondi-1.0.22\src\main\java\com\nttdata\fondi\controller\service\VerificaSignature.java";"VerificaSignature ";"147";"A05";"396";"2";"Poor Exception Handling (JAVA)";"Not An Issue";"";"PEH@5489d2";
"\feu-browser-fondi-1.0.22\src\main\java\com\nttdata\fondi\controller\service\VerificaSignature.java";"VerificaSignature ";"153";"A05";"396";"2";"Poor Exception Handling (JAVA)";"Not An Issue";"";"PEH@13fcee";
"\feu-browser-fondi-1.0.22\src\main\java\com\nttdata\fondi\controller\service\VerifichePreliminariService.java";"VerifichePreliminariService ";"98";"A05";"397";"2";"Poor Exception Handling-Throw";"Not An Issue";"";"PEHThrow@5b532f";
"\feu-browser-fondi-1.0.22\src\main\java\com\nttdata\fondi\controller\service\VerifichePreliminariService.java";"VerifichePreliminariService ";"103";"A05";"397";"2";"Poor Exception Handling-Throw";"Not An Issue";"";"PEHThrow@5662be";
"\feu-browser-fondi-1.0.22\src\main\java\com\nttdata\fondi\controller\service\VerifichePreliminariService.java";"VerifichePreliminariService ";"163";"A05";"396";"2";"Poor Exception Handling (JAVA)";"Not An Issue";"";"PEH@0ce8fc";
"\feu-browser-fondi-1.0.22\src\main\java\com\nttdata\fondi\controller\service\VerifichePreliminariService.java";"VerifichePreliminariService ";"326";"A05";"396";"2";"Poor Exception Handling (JAVA)";"Not An Issue";"";"PEH@f41eb3";
"\feu-browser-fondi-1.0.22\src\main\java\com\nttdata\fondi\controller\service\VerifichePreliminariService.java";"VerifichePreliminariService ";"534";"A05";"396";"2";"Poor Exception Handling (JAVA)";"Not An Issue";"";"PEH@173d30";
"\feu-browser-fondi-1.0.22\src\main\java\com\nttdata\fondi\controller\service\VerifichePreliminariService.java";"VerifichePreliminariService ";"563";"A05";"396";"2";"Poor Exception Handling (JAVA)";"Not An Issue";"";"PEH@ebfb5a";
"\feu-browser-fondi-1.0.22\src\main\java\com\nttdata\fondi\controller\service\VerifichePreliminariService.java";"VerifichePreliminariService ";"572";"A05";"396";"2";"Poor Exception Handling (JAVA)";"Not An Issue";"";"PEH@d79724";
"\feu-browser-fondi-1.0.22\src\main\java\com\nttdata\fondi\controller\service\async\DownloadFromPianetaUpService.java";"DownloadFromPianetaUpService ";"41";"A05";"397";"2";"Poor Exception Handling-Throw";"Not An Issue";"";"PEHThrow@04f3a4";
"\feu-browser-fondi-1.0.22\src\main\java\com\nttdata\fondi\controller\service\async\DownloadFromPomService.java";"DownloadFromPomService ";"41";"A05";"397";"2";"Poor Exception Handling-Throw";"Not An Issue";"";"PEHThrow@3b7784";
"\feu-browser-fondi-1.0.22\src\main\java\com\nttdata\fondi\controller\service\async\DownloadFromPosteItService.java";"DownloadFromPosteItService ";"40";"A05";"397";"2";"Poor Exception Handling-Throw";"Not An Issue";"";"PEHThrow@47b77d";
"\feu-browser-fondi-1.0.22\src\main\java\com\nttdata\fondi\controller\service\async\ElencoPACService.java";"ElencoPACService ";"68";"A06";"359";"2";"Privacy Violation - Field (JAVA)";"Not An Issue";"";"PrivacyViolationFIELD@fdaa67";
"\feu-browser-fondi-1.0.22\src\main\java\com\nttdata\fondi\controller\service\async\ElencoPACService.java";"ElencoPACService ";"52";"A05";"397";"2";"Poor Exception Handling-Throw";"Not An Issue";"";"PEHThrow@24edb4";
"\feu-browser-fondi-1.0.22\src\main\java\com\nttdata\fondi\controller\service\async\ElencoPACService.java";"ElencoPACService ";"90";"A05";"396";"2";"Poor Exception Handling (JAVA)";"Not An Issue";"";"PEH@c3cf7a";
"\feu-browser-fondi-1.0.22\src\main\java\com\nttdata\fondi\controller\service\async\GetDatiQuestionarioV3Service.java";"GetDatiQuestionarioV3Service ";"45";"A05";"397";"2";"Poor Exception Handling-Throw";"Not An Issue";"";"PEHThrow@9026fd";
"\feu-browser-fondi-1.0.22\src\main\java\com\nttdata\fondi\controller\service\async\GetDatiQuestionarioV3Service.java";"GetDatiQuestionarioV3Service ";"90";"A05";"396";"2";"Poor Exception Handling (JAVA)";"Not An Issue";"";"PEH@d58703";
"\feu-browser-fondi-1.0.22\src\main\java\com\nttdata\fondi\controller\service\async\GetInfCollNdgTipService.java";"GetInfCollNdgTipService ";"44";"A05";"397";"2";"Poor Exception Handling-Throw";"Not An Issue";"";"PEHThrow@deaa2b";
"\feu-browser-fondi-1.0.22\src\main\java\com\nttdata\fondi\controller\service\async\GetInfCollNdgTipService.java";"GetInfCollNdgTipService ";"91";"A05";"396";"2";"Poor Exception Handling (JAVA)";"Not An Issue";"";"PEH@8ddb2b";
"\feu-browser-fondi-1.0.22\src\main\java\com\nttdata\fondi\controller\service\async\GetStrumentiListaService.java";"GetStrumentiListaService ";"40";"A05";"397";"2";"Poor Exception Handling-Throw";"Not An Issue";"";"PEHThrow@37f1d3";
"\feu-browser-fondi-1.0.22\src\main\java\com\nttdata\fondi\controller\service\async\GetStrumentiListaService.java";"GetStrumentiListaService ";"66";"A05";"396";"2";"Poor Exception Handling (JAVA)";"Not An Issue";"";"PEH@d935ca";
"\feu-browser-fondi-1.0.22\src\main\java\com\nttdata\fondi\controller\service\async\InserisciIniziativaClienteService.java";"InserisciIniziativaClienteService ";"40";"A05";"397";"2";"Poor Exception Handling-Throw";"Not An Issue";"";"PEHThrow@99e8fe";
"\feu-browser-fondi-1.0.22\src\main\java\com\nttdata\fondi\controller\service\async\InserisciIniziativaClienteService.java";"InserisciIniziativaClienteService ";"61";"A05";"396";"2";"Poor Exception Handling (JAVA)";"Not An Issue";"";"PEH@bcdd70";
"\feu-browser-fondi-1.0.22\src\main\java\com\nttdata\fondi\controller\service\async\ListaContrattiNdgService.java";"ListaContrattiNdgService ";"44";"A05";"397";"2";"Poor Exception Handling-Throw";"Not An Issue";"";"PEHThrow@d25680";
"\feu-browser-fondi-1.0.22\src\main\java\com\nttdata\fondi\controller\service\async\ListaContrattiNdgService.java";"ListaContrattiNdgService ";"95";"A05";"396";"2";"Poor Exception Handling (JAVA)";"Not An Issue";"";"PEH@45eba8";
"\feu-browser-fondi-1.0.22\src\main\java\com\nttdata\fondi\controller\service\async\PortafoglioFondiService.java";"PortafoglioFondiService ";"70";"A06";"359";"2";"Privacy Violation - Field (JAVA)";"Not An Issue";"";"PrivacyViolationFIELD@664e38";
"\feu-browser-fondi-1.0.22\src\main\java\com\nttdata\fondi\controller\service\async\PortafoglioFondiService.java";"PortafoglioFondiService ";"53";"A05";"397";"2";"Poor Exception Handling-Throw";"Not An Issue";"";"PEHThrow@a85e5e";
"\feu-browser-fondi-1.0.22\src\main\java\com\nttdata\fondi\controller\service\async\PortafoglioFondiService.java";"PortafoglioFondiService ";"95";"A05";"396";"2";"Poor Exception Handling (JAVA)";"Not An Issue";"";"PEH@599a86";
"\feu-browser-fondi-1.0.22\src\main\java\com\nttdata\fondi\controller\service\async\SchedaClienteNdgService.java";"SchedaClienteNdgService ";"52";"A05";"397";"2";"Poor Exception Handling-Throw";"Not An Issue";"";"PEHThrow@fa2ea7";
"\feu-browser-fondi-1.0.22\src\main\java\com\nttdata\fondi\controller\service\async\SchedaClienteNdgService.java";"SchedaClienteNdgService ";"114";"A05";"396";"2";"Poor Exception Handling (JAVA)";"Not An Issue";"";"PEH@62d2d6";
"\feu-browser-fondi-1.0.22\src\main\java\com\nttdata\fondi\controller\service\async\SchedaClienteService.java";"SchedaClienteService ";"52";"A05";"397";"2";"Poor Exception Handling-Throw";"Not An Issue";"";"PEHThrow@047cae";
"\feu-browser-fondi-1.0.22\src\main\java\com\nttdata\fondi\controller\service\async\SchedaClienteService.java";"SchedaClienteService ";"115";"A05";"396";"2";"Poor Exception Handling (JAVA)";"Not An Issue";"";"PEH@83f964";
"\feu-browser-fondi-1.0.22\src\main\java\com\nttdata\fondi\controller\service\async\SecurizzazioneService.java";"SecurizzazioneService ";"49";"A05";"397";"2";"Poor Exception Handling-Throw";"Not An Issue";"";"PEHThrow@ee048b";
"\feu-browser-fondi-1.0.22\src\main\java\com\nttdata\fondi\controller\service\async\SecurizzazioneService.java";"SecurizzazioneService ";"124";"A05";"397";"2";"Poor Exception Handling-Throw";"Not An Issue";"";"PEHThrow@0e2622";
"\feu-browser-fondi-1.0.22\src\main\java\com\nttdata\fondi\controller\service\async\SecurizzazioneService.java";"SecurizzazioneService ";"104";"A05";"396";"2";"Poor Exception Handling (JAVA)";"Not An Issue";"";"PEH@425c38";
"\feu-browser-fondi-1.0.22\src\main\java\com\nttdata\fondi\controller\service\async\SimulatoreService.java";"SimulatoreService ";"57";"A05";"397";"2";"Poor Exception Handling-Throw";"Not An Issue";"";"PEHThrow@05d24d";
"\feu-browser-fondi-1.0.22\src\main\java\com\nttdata\fondi\controller\service\async\SimulatoreService.java";"SimulatoreService ";"140";"A05";"396";"2";"Poor Exception Handling (JAVA)";"Not An Issue";"";"PEH@fb0e32";
"\feu-browser-fondi-1.0.22\src\main\java\com\nttdata\fondi\controller\service\async\TravasoService.java";"TravasoService ";"52";"A05";"397";"2";"Poor Exception Handling-Throw";"Not An Issue";"";"PEHThrow@11378a";
"\feu-browser-fondi-1.0.22\src\main\java\com\nttdata\fondi\controller\service\async\TravasoService.java";"TravasoService ";"180";"A05";"396";"2";"Poor Exception Handling (JAVA)";"Not An Issue";"";"PEH@4ac23a";
"\feu-browser-fondi-1.0.22\src\main\java\com\nttdata\fondi\controller\service\async\TravasoService.java";"TravasoService ";"186";"A05";"396";"2";"Poor Exception Handling (JAVA)";"Not An Issue";"";"PEH@4b90f5";
"\feu-browser-fondi-1.0.22\src\main\java\com\nttdata\fondi\controller\service\async\VerificaPregiudizievoliService.java";"VerificaPregiudizievoliService ";"62";"A06";"359";"2";"Privacy Violation - Field (JAVA)";"Not An Issue";"";"PrivacyViolationFIELD@3aeafa";
"\feu-browser-fondi-1.0.22\src\main\java\com\nttdata\fondi\controller\service\async\VerificaPregiudizievoliService.java";"VerificaPregiudizievoliService ";"45";"A05";"397";"2";"Poor Exception Handling-Throw";"Not An Issue";"";"PEHThrow@743fb5";
"\feu-browser-fondi-1.0.22\src\main\java\com\nttdata\fondi\controller\service\async\VerificaPregiudizievoliService.java";"VerificaPregiudizievoliService ";"82";"A05";"396";"2";"Poor Exception Handling (JAVA)";"Not An Issue";"";"PEH@6e6f48";
"\feu-browser-fondi-1.0.22\assembly-app-dist.xml";"assembly-app-dist ";"6";"A08";"287";"2";"Avoid using of 'get' for credential transfers";"Not An Issue";"";"Csrf02@1e5df5";
"\feu-browser-fondi-1.0.22\assembly-app-dist.xml";"assembly-app-dist ";"7";"A08";"287";"2";"Avoid using of 'get' for credential transfers";"Not An Issue";"";"Csrf02@9b2c57";
"\feu-browser-fondi-1.0.22\frontend\browser-fondi-ws\projects\browser-fondi\src\app\features\error\ko-email\ko-email.component.html";"ko-email.component ";"21";"A06";"359";"2";"Privacy Violation - Autocomplete";"Confirmed";"";"PrivacyViolationOFF@6a6656";
"\feu-browser-fondi-1.0.22\frontend\browser-fondi-ws\projects\browser-fondi\src\app\features\error\ko-email\ko-email.component.html";"ko-email.component ";"52";"A06";"359";"2";"Privacy Violation - Autocomplete";"Confirmed";"";"PrivacyViolationOFF@341327";
"\feu-browser-fondi-1.0.22\frontend\browser-fondi-ws\projects\browser-fondi\src\app\features\error\ko-email\ko-email.component.html";"ko-email.component ";"92";"A06";"359";"2";"Privacy Violation - Autocomplete";"Not An Issue";"";"PrivacyViolationOFF@fc2d09";
"\feu-browser-fondi-1.0.22\frontend\browser-fondi-ws\projects\browser-fondi\src\app\features\error\ko-email\ko-email.component.html";"ko-email.component ";"93";"A06";"359";"2";"Privacy Violation - Autocomplete";"Not An Issue";"";"PrivacyViolationOFF@f29894";
"\feu-browser-fondi-1.0.22\frontend\browser-fondi-ws\projects\browser-fondi\src\app\features\sottoscrizione\scelta-ndg\scelta-ndg.component.html";"scelta-ndg.component ";"208";"A06";"359";"2";"Privacy Violation - Autocomplete";"Confirmed";"";"PrivacyViolationOFF@aa14a0";
"\feu-browser-fondi-1.0.22\frontend\browser-fondi-ws\projects\browser-fondi\src\app\features\sottoscrizione\scelta-ndg\scelta-ndg.component.html";"scelta-ndg.component ";"244";"A06";"359";"2";"Privacy Violation - Autocomplete";"Confirmed";"";"PrivacyViolationOFF@0c256d";
"\feu-browser-fondi-1.0.22\frontend\browser-fondi-ws\projects\browser-fondi\src\app\features\sottoscrizione\scelta-ndg\scelta-ndg.component.html";"scelta-ndg.component ";"332";"A06";"359";"2";"Privacy Violation - Autocomplete";"Confirmed";"";"PrivacyViolationOFF@bf61fd";
"\feu-browser-fondi-1.0.22\frontend\browser-fondi-ws\projects\browser-fondi\src\app\features\sottoscrizione\visualizza-fondi\visualizza-fondi.component.html";"visualizza-fondi.component ";"39";"A06";"359";"2";"Privacy Violation - Autocomplete";"Not An Issue";"";"PrivacyViolationOFF@71caf0";
"\feu-browser-fondi-1.0.22\src\main\java\com\nttdata\fondi\Application.java";"Application ";"14";"A05";"862";"3";"Missing security manager";"Not An Issue";"";"Idor11@b199c0";
"\feu-browser-fondi-1.0.22\src\main\java\com\nttdata\fondi\controller\FondiController.java";"FondiController ";"912";"A08";"113";"3";"Unsecure local 'Cookie' object";"Not An Issue";"";"Brokenauth03@42d679";
"\feu-browser-fondi-1.0.22\src\main\java\com\nttdata\fondi\controller\FondiController.java";"FondiController ";"1071";"A08";"113";"3";"Unsecure local 'Cookie' object";"Not An Issue";"";"Brokenauth03@77cc8e";
"\feu-browser-fondi-1.0.22\src\main\java\com\nttdata\fondi\be\fondi\MovimentoEvadere.java";"MovimentoEvadere ";"20";"A08";"594";"3";"Missing writeObject or serialVersionUID";"Not An Issue";"";"ClassSerializable@49d831";
"\feu-browser-fondi-1.0.22\src\main\java\com\nttdata\fondi\be\fondi\PAC.java";"PAC ";"16";"A08";"594";"3";"Missing writeObject or serialVersionUID";"Not An Issue";"";"ClassSerializable@d5f871";
"\feu-browser-fondi-1.0.22\src\main\java\com\nttdata\fondi\be\fondi\Portafoglio.java";"Portafoglio ";"19";"A08";"594";"3";"Missing writeObject or serialVersionUID";"Not An Issue";"";"ClassSerializable@7089bc";
"\feu-browser-fondi-1.0.22\src\main\java\com\nttdata\fondi\be\metadata\MetadataProfilazione.java";" ";"40";"A06";"36";"3";"Absolute Path in Source Code";"Not An Issue";"";"Securitymisc18@623a6c";
"\feu-browser-fondi-1.0.22\src\main\java\com\nttdata\fondi\be\simulatore\AltroCodice.java";"AltroCodice ";"9";"A08";"594";"3";"Missing writeObject or serialVersionUID";"Not An Issue";"";"ClassSerializable@f43447";
"\feu-browser-fondi-1.0.22\src\main\java\com\nttdata\fondi\be\simulatore\CampoFirma.java";"CampoFirma ";"9";"A08";"594";"3";"Missing writeObject or serialVersionUID";"Not An Issue";"";"ClassSerializable@b89ade";
"\feu-browser-fondi-1.0.22\src\main\java\com\nttdata\fondi\be\simulatore\CriteriArchiviazione.java";"CriteriArchiviazione ";"8";"A08";"594";"3";"Missing writeObject or serialVersionUID";"Not An Issue";"";"ClassSerializable@adfc70";
"\feu-browser-fondi-1.0.22\src\main\java\com\nttdata\fondi\be\simulatore\DatiGeneraliProdotto.java";"DatiGeneraliProdotto ";"10";"A08";"594";"3";"Missing writeObject or serialVersionUID";"Not An Issue";"";"ClassSerializable@0fbdf6";
"\feu-browser-fondi-1.0.22\src\main\java\com\nttdata\fondi\be\simulatore\DatoAggiuntivo.java";"DatoAggiuntivo ";"7";"A08";"594";"3";"Missing writeObject or serialVersionUID";"Not An Issue";"";"ClassSerializable@0bc1c9";
"\feu-browser-fondi-1.0.22\src\main\java\com\nttdata\fondi\be\simulatore\DettaglioOpzioneProdotto.java";"DettaglioOpzioneProdotto ";"7";"A08";"594";"3";"Missing writeObject or serialVersionUID";"Not An Issue";"";"ClassSerializable@8f2a16";
"\feu-browser-fondi-1.0.22\src\main\java\com\nttdata\fondi\be\simulatore\Documento.java";"Documento ";"11";"A08";"594";"3";"Missing writeObject or serialVersionUID";"Not An Issue";"";"ClassSerializable@1e14f4";
"\feu-browser-fondi-1.0.22\src\main\java\com\nttdata\fondi\be\simulatore\Dummy.java";"Dummy ";"7";"A08";"594";"3";"Missing writeObject or serialVersionUID";"Not An Issue";"";"ClassSerializable@a799fb";
"\feu-browser-fondi-1.0.22\src\main\java\com\nttdata\fondi\be\simulatore\OpzioneProdotto.java";"OpzioneProdotto ";"8";"A08";"594";"3";"Missing writeObject or serialVersionUID";"Not An Issue";"";"ClassSerializable@710a5b";
"\feu-browser-fondi-1.0.22\src\main\java\com\nttdata\fondi\be\simulatore\Prodotto.java";"Prodotto ";"8";"A08";"594";"3";"Missing writeObject or serialVersionUID";"Not An Issue";"";"ClassSerializable@844b55";
"\feu-browser-fondi-1.0.22\src\main\java\com\nttdata\fondi\controller\service\AccettaFondoService.java";"AccettaFondoService ";"525";"A08";"113";"3";"Unsecure local 'Cookie' object";"Not An Issue";"";"Brokenauth03@dcb1d0";
"\feu-browser-fondi-1.0.22\src\main\java\com\nttdata\fondi\controller\service\AccettaFondoService.java";"AccettaFondoService ";"105";"A08";"594";"3";"Missing writeObject or serialVersionUID";"Not An Issue";"";"ClassSerializable@6707a5";
"\feu-browser-fondi-1.0.22\src\main\java\com\nttdata\fondi\controller\service\AnnullaPraticaService.java";"AnnullaPraticaService ";"32";"A08";"594";"3";"Missing writeObject or serialVersionUID";"Not An Issue";"";"ClassSerializable@d2c7b7";
"\feu-browser-fondi-1.0.22\src\main\java\com\nttdata\fondi\controller\service\AperturaService.java";"AperturaService ";"187";"A05";"862";"3";"Missing security manager";"Not An Issue";"";"Idor11@5699d6";
"\feu-browser-fondi-1.0.22\src\main\java\com\nttdata\fondi\controller\service\CrmDynamicsService.java";"CrmDynamicsService ";"35";"A08";"594";"3";"Missing writeObject or serialVersionUID";"Not An Issue";"";"ClassSerializable@08806c";
"\feu-browser-fondi-1.0.22\src\main\java\com\nttdata\fondi\controller\service\QuestionarioService.java";"QuestionarioService ";"34";"A08";"594";"3";"Missing writeObject or serialVersionUID";"Not An Issue";"";"ClassSerializable@ab6450";
"\feu-browser-fondi-1.0.22\src\main\java\com\nttdata\fondi\model\fe\FeDocumenti.java";"FeDocumenti ";"5";"A08";"594";"3";"Missing writeObject or serialVersionUID";"Not An Issue";"";"ClassSerializable@eda214";
"\feu-browser-fondi-1.0.22\src\main\java\com\nttdata\fondi\model\fe\Intestazione.java";"Intestazione ";"8";"A08";"594";"3";"Missing writeObject or serialVersionUID";"Not An Issue";"";"ClassSerializable@3a4d30";
"\feu-browser-fondi-1.0.22\src\main\java\com\nttdata\fondi\model\fe\ListaFondiResponse.java";"ListaFondiResponse ";"27";"A08";"594";"3";"Missing writeObject or serialVersionUID";"Not An Issue";"";"ClassSerializable@a926aa";
"\feu-browser-fondi-1.0.22\src\main\java\com\nttdata\fondi\be\crmdynamics\cart\InfoChecklist.java";"InfoChecklist ";"54";"A06";"531";"3";"TestCase should be in a separate source file";"Not An Issue";"";"CWE395TEST_1@91e0a6";
"\feu-browser-fondi-1.0.22\src\main\java\com\nttdata\fondi\be\crmdynamics\token\Act.java";"Act ";"21";"A08";"594";"3";"Missing writeObject or serialVersionUID";"Not An Issue";"";"ClassSerializable@dc92f2";
"\feu-browser-fondi-1.0.22\src\main\java\com\nttdata\fondi\be\crmdynamics\token\Claims.java";"Claims ";"22";"A08";"594";"3";"Missing writeObject or serialVersionUID";"Not An Issue";"";"ClassSerializable@042025";
"\feu-browser-fondi-1.0.22\src\main\java\com\nttdata\fondi\be\crmdynamics\token\Token.java";"Token ";"24";"A08";"594";"3";"Missing writeObject or serialVersionUID";"Not An Issue";"";"ClassSerializable@4abe97";
"\feu-browser-fondi-1.0.22\src\main\java\com\nttdata\fondi\be\pom\oad\AltroCodice.java";"AltroCodice ";"20";"A08";"594";"3";"Missing writeObject or serialVersionUID";"Not An Issue";"";"ClassSerializable@6f1b8d";
"\feu-browser-fondi-1.0.22\src\main\java\com\nttdata\fondi\be\pom\oad\Canale.java";"Canale ";"20";"A08";"594";"3";"Missing writeObject or serialVersionUID";"Not An Issue";"";"ClassSerializable@07dd82";
"\feu-browser-fondi-1.0.22\src\main\java\com\nttdata\fondi\be\pom\oad\CondizioneValidita.java";"CondizioneValidita ";"21";"A08";"594";"3";"Missing writeObject or serialVersionUID";"Not An Issue";"";"ClassSerializable@ec3a5a";
"\feu-browser-fondi-1.0.22\src\main\java\com\nttdata\fondi\be\pom\oad\ConsensoVisibilita.java";"ConsensoVisibilita ";"18";"A08";"594";"3";"Missing writeObject or serialVersionUID";"Not An Issue";"";"ClassSerializable@ca79fa";
"\feu-browser-fondi-1.0.22\src\main\java\com\nttdata\fondi\be\pom\oad\ContattiCliente.java";"ContattiCliente ";"22";"A08";"594";"3";"Missing writeObject or serialVersionUID";"Not An Issue";"";"ClassSerializable@e49556";
"\feu-browser-fondi-1.0.22\src\main\java\com\nttdata\fondi\be\pom\oad\ContattoCliente.java";"ContattoCliente ";"20";"A08";"594";"3";"Missing writeObject or serialVersionUID";"Not An Issue";"";"ClassSerializable@59e309";
"\feu-browser-fondi-1.0.22\src\main\java\com\nttdata\fondi\be\pom\oad\CriteriArchiviazione.java";"CriteriArchiviazione ";"21";"A08";"594";"3";"Missing writeObject or serialVersionUID";"Not An Issue";"";"ClassSerializable@22eee9";
"\feu-browser-fondi-1.0.22\src\main\java\com\nttdata\fondi\be\pom\oad\DatiConsulente.java";"DatiConsulente ";"20";"A08";"594";"3";"Missing writeObject or serialVersionUID";"Not An Issue";"";"ClassSerializable@abf887";
"\feu-browser-fondi-1.0.22\src\main\java\com\nttdata\fondi\be\pom\oad\DatoAggiuntivo.java";"DatoAggiuntivo ";"18";"A08";"594";"3";"Missing writeObject or serialVersionUID";"Not An Issue";"";"ClassSerializable@249b6d";
"\feu-browser-fondi-1.0.22\src\main\java\com\nttdata\fondi\be\pom\oad\Documento.java";"Documento ";"24";"A08";"594";"3";"Missing writeObject or serialVersionUID";"Not An Issue";"";"ClassSerializable@53090c";
"\feu-browser-fondi-1.0.22\src\main\java\com\nttdata\fondi\be\pom\oad\Messaggio.java";"Messaggio ";"18";"A08";"594";"3";"Missing writeObject or serialVersionUID";"Not An Issue";"";"ClassSerializable@00c22c";
"\feu-browser-fondi-1.0.22\src\main\java\com\nttdata\fondi\be\pom\oad\NotificheAlCliente.java";"NotificheAlCliente ";"22";"A08";"594";"3";"Missing writeObject or serialVersionUID";"Not An Issue";"";"ClassSerializable@98c1c8";
"\feu-browser-fondi-1.0.22\src\main\java\com\nttdata\fondi\be\pom\oad\Prodotto.java";"Prodotto ";"19";"A08";"594";"3";"Missing writeObject or serialVersionUID";"Not An Issue";"";"ClassSerializable@d672bd";
"\feu-browser-fondi-1.0.22\src\main\java\com\nttdata\fondi\be\pom\oad\Rapporto.java";"Rapporto ";"19";"A08";"594";"3";"Missing writeObject or serialVersionUID";"Not An Issue";"";"ClassSerializable@75d0ef";
"\feu-browser-fondi-1.0.22\src\main\java\com\nttdata\fondi\be\pom\oad\StoricoStato.java";"StoricoStato ";"20";"A08";"594";"3";"Missing writeObject or serialVersionUID";"Not An Issue";"";"ClassSerializable@a2eda6";
"\feu-browser-fondi-1.0.22\src\main\java\com\nttdata\fondi\be\pom\oad\StoryTelling.java";"StoryTelling ";"18";"A08";"594";"3";"Missing writeObject or serialVersionUID";"Not An Issue";"";"ClassSerializable@6eccaa";
"\feu-browser-fondi-1.0.22\src\main\java\com\nttdata\fondi\be\pom\oad\Suggerimento.java";"Suggerimento ";"21";"A08";"594";"3";"Missing writeObject or serialVersionUID";"Not An Issue";"";"ClassSerializable@1f68cb";
"\feu-browser-fondi-1.0.22\src\main\java\com\nttdata\fondi\be\pom\oad\Verifica.java";"Verifica ";"20";"A08";"594";"3";"Missing writeObject or serialVersionUID";"Not An Issue";"";"ClassSerializable@622663";
"\feu-browser-fondi-1.0.22\frontend\browser-fondi-ws\projects\browser-fondi\gulpfile.js";"gulpfile ";"18";"A10";"668";"3";"Improper Logger (JavaScript)";"Confirmed";"";"Securitymisc12js@6794b8";
"\feu-browser-fondi-1.0.22\frontend\browser-fondi-ws\projects\browser-fondi\gulpfile.js";"gulpfile ";"34";"A10";"668";"3";"Improper Logger (JavaScript)";"Confirmed";"";"Securitymisc12js@9f7f7d";
"\feu-browser-fondi-1.0.22\frontend\browser-fondi-ws\projects\browser-fondi\src\main.ts";"main ";"12";"A10";"668";"3";"Improper Logger (JavaScript)";"Confirmed";"";"Securitymisc12js@ea8318";
"\feu-browser-fondi-1.0.22\frontend\browser-fondi-ws\projects\browser-fondi\src\app\core\services\fondi-be.service.ts";"fondi-be.service ";"53";"A10";"668";"3";"Improper Logger (JavaScript)";"Confirmed";"";"Securitymisc12js@81c552";
"\feu-browser-fondi-1.0.22\frontend\browser-fondi-ws\projects\browser-fondi\src\app\core\services\fondi-be.service.ts";"fondi-be.service ";"76";"A10";"668";"3";"Improper Logger (JavaScript)";"Confirmed";"";"Securitymisc12js@238fc6";
"\feu-browser-fondi-1.0.22\frontend\browser-fondi-ws\projects\browser-fondi\src\app\features\error\ko-email\ko-email.component.ts";"ko-email.component ";"46";"A10";"668";"3";"Improper Logger (JavaScript)";"Confirmed";"";"Securitymisc12js@9f81f2";
"\feu-browser-fondi-1.0.22\frontend\browser-fondi-ws\projects\browser-fondi\src\app\features\error\ko-email\ko-email.component.ts";"ko-email.component ";"119";"A10";"668";"3";"Improper Logger (JavaScript)";"Confirmed";"";"Securitymisc12js@715045";
"\feu-browser-fondi-1.0.22\frontend\browser-fondi-ws\projects\browser-fondi\src\app\features\error\ko-email\ko-email.component.ts";"ko-email.component ";"126";"A10";"668";"3";"Improper Logger (JavaScript)";"Confirmed";"";"Securitymisc12js@62d10d";
"\feu-browser-fondi-1.0.22\frontend\browser-fondi-ws\projects\browser-fondi\src\app\features\error\ko-email\ko-email.component.ts";"ko-email.component ";"150";"A10";"668";"3";"Improper Logger (JavaScript)";"Confirmed";"";"Securitymisc12js@23daf3";
"\feu-browser-fondi-1.0.22\frontend\browser-fondi-ws\projects\browser-fondi\src\app\features\home\homepage\homepage.component.ts";"homepage.component ";"62";"A10";"668";"3";"Improper Logger (JavaScript)";"Confirmed";"";"Securitymisc12js@ff5200";
"\feu-browser-fondi-1.0.22\frontend\browser-fondi-ws\projects\browser-fondi\src\app\features\sottoscrizione\confronta-fondi\confronta-fondi.component.ts";"confronta-fondi.component ";"99";"A10";"668";"3";"Improper Logger (JavaScript)";"Confirmed";"";"Securitymisc12js@c0d46f";
"\feu-browser-fondi-1.0.22\frontend\browser-fondi-ws\projects\browser-fondi\src\app\shared\components\right-sidebar\right-sidebar.component.ts";"right-sidebar.component ";"118";"A10";"668";"3";"Improper Logger (JavaScript)";"Confirmed";"";"Securitymisc12js@9bac01";
"\feu-browser-fondi-1.0.22\frontend\browser-fondi-ws\projects\browser-fondi\src\app\shared\components\right-sidebar\right-sidebar.component.ts";"right-sidebar.component ";"132";"A10";"668";"3";"Improper Logger (JavaScript)";"Confirmed";"";"Securitymisc12js@6cbda1";
"\feu-browser-fondi-1.0.22\frontend\browser-fondi-ws\projects\browser-fondi\src\app\shared\components\right-sidebar\right-sidebar.component.ts";"right-sidebar.component ";"140";"A10";"668";"3";"Improper Logger (JavaScript)";"Confirmed";"";"Securitymisc12js@325916";
"\feu-browser-fondi-1.0.22\frontend\browser-fondi-ws\projects\browser-fondi\src\app\shared\components\right-sidebar\right-sidebar.component.ts";"right-sidebar.component ";"181";"A10";"668";"3";"Improper Logger (JavaScript)";"Confirmed";"";"Securitymisc12js@08c4f1";
"\feu-browser-fondi-1.0.22\frontend\browser-fondi-ws\projects\browser-fondi\src\app\features\home\homepage\empty-states\empty-state-saldo-zero\empty-state-saldo-zero.component.ts";"empty-state-saldo-zero.component ";"48";"A10";"668";"3";"Improper Logger (JavaScript)";"Confirmed";"";"Securitymisc12js@cb15aa";
"\feu-browser-fondi-1.0.22\frontend\browser-fondi-ws\projects\browser-fondi\src\app\features\home\homepage\empty-states\empty-state-saldo-zero\empty-state-saldo-zero.component.ts";"empty-state-saldo-zero.component ";"62";"A10";"668";"3";"Improper Logger (JavaScript)";"Confirmed";"";"Securitymisc12js@d69cee";
"\feu-browser-fondi-1.0.22\frontend\browser-fondi-ws\projects\browser-fondi\src\app\features\home\homepage\empty-states\empty-state-saldo-zero\empty-state-saldo-zero.component.ts";"empty-state-saldo-zero.component ";"69";"A10";"668";"3";"Improper Logger (JavaScript)";"Confirmed";"";"Securitymisc12js@477b65";
"\feu-browser-fondi-1.0.22\frontend\browser-fondi-ws\projects\browser-fondi\src\app\features\home\homepage\empty-states\empty-state-saldo-zero\empty-state-saldo-zero.component.ts";"empty-state-saldo-zero.component ";"103";"A10";"668";"3";"Improper Logger (JavaScript)";"Confirmed";"";"Securitymisc12js@d8b4a2";
