<?xml version="1.0" standalone="yes"?>
<NewDataSet>
  <Index>
    <Tracking>C:\SR50Win\Results\FONDI-SELF\08-04-22\Resilience</Tracking>
    <PathXml>FONDI-SELF.xml</PathXml>
    <PathReport>C:\SR50Win\Report\FONDI-SELF\08-04-22\Resilience</PathReport>
    <ListProject>FONDI-SELF</ListProject>
    <Process>RESILIENCE</Process>
    <idProject>1</idProject>
    <Visible>1</Visible>
    <ChangedFiles>False</ChangedFiles>
    <Project>FONDI-SELF</Project>
    <Auditor>GIUSEPPE SCOTTI</Auditor>
    <name />
    <application />
    <idapplication>1</idapplication>
    <Version>08-04-22</Version>
    <Language>JAVA </Language>
    <sql>PL/SQL (Oracle)</sql>
    <Date>6-21-2022</Date>
    <Create>2022-06-21T10:01:35.7857224+02:00</Create>
    <TimeScan>00:07:16</TimeScan>
    <BaseLine>False</BaseLine>
    <OwaspCWE>CWE-SANS Top 25</OwaspCWE>
    <Sev1>45</Sev1>
    <Sev2>1</Sev2>
    <Sev3>54</Sev3>
    <Sev4>87</Sev4>
    <Sev5>0</Sev5>
    <RES>20</RES>
    <RESILIENCE>LOW RESILIENCE</RESILIENCE>
    <Total>187</Total>
    <LOC>54251</LOC>
    <Trusted>true</Trusted>
    <InternetApplication>false</InternetApplication>
    <ExclusionList>false</ExclusionList>
    <TargetBrowser>true</TargetBrowser>
    <SRVersion>5.00.07</SRVersion>
    <Outsourcer />
    <Team />
    <APMCode />
    <APMCodeDes />
    <PackageCode />
    <PackageCodeDes />
    <Latest_Audit />
  </Index>
  <Multi>
    <Solution>JAVA</Solution>
    <Project>FONDI-SELF</Project>
    <Tracking>D:\JAVA\FONDI-SELF\SBD_517.05 - FONDI-SELF 08-04-22 </Tracking>
    <Language>JAVA (1.8)</Language>
    <NrFiles>321</NrFiles>
    <NrErrors>102</NrErrors>
    <TotalLines>46571</TotalLines>
    <Sev1>0</Sev1>
    <Sev2>0</Sev2>
    <Sev3>15</Sev3>
    <Sev4>87</Sev4>
    <Sev5>0</Sev5>
    <RES>84</RES>
    <RESILIENCE>84</RESILIENCE>
  </Multi>
  <Multi>
    <Solution>JavaScript-TypeScript</Solution>
    <Project>FONDI-SELF</Project>
    <Tracking>D:\JAVA\FONDI-SELF\SBD_517.05 - FONDI-SELF 08-04-22 </Tracking>
    <Language>JavaScript-TypeScript</Language>
    <NrFiles>103</NrFiles>
    <NrErrors>40</NrErrors>
    <TotalLines>7680</TotalLines>
    <Sev1>0</Sev1>
    <Sev2>1</Sev2>
    <Sev3>39</Sev3>
    <Sev4>0</Sev4>
    <Sev5>0</Sev5>
    <RES>0</RES>
    <RESILIENCE>0</RESILIENCE>
  </Multi>
  <Multi>
    <Solution>OTHER</Solution>
    <Project>FONDI-SELF</Project>
    <Tracking>D:\JAVA\FONDI-SELF\SBD_517.05 - FONDI-SELF 08-04-22 </Tracking>
    <Language>OTHER</Language>
    <NrFiles>165</NrFiles>
    <NrErrors>45</NrErrors>
    <TotalLines>0</TotalLines>
    <Sev1>45</Sev1>
    <Sev2>0</Sev2>
    <Sev3>0</Sev3>
    <Sev4>0</Sev4>
    <Sev5>0</Sev5>
    <RES>20</RES>
    <RESILIENCE>20</RESILIENCE>
  </Multi>
</NewDataSet>