<?xml version="1.0" standalone="yes"?>
<ResultsOwasp_CWE Date="06/21/2022" toolName="JAVA" time="00:00:00">
  <Authors>
    <Author id="1" name="GIUSEPPE SCOTTI" />
  </Authors>
  <Scope>
    <ProjectInformations TitleReport="FONDI-SELF" Version="08-04-22" BaseLine="False" DateAudit="6-21-2022" Processing="SQALE" Process="SECURITY" Tracking="C:\SR50Win\Results\FONDI-SELF\08-04-22\" FrameWork_JDK_MFC="1.8" Language="JAVA" TimeScan="00:00:00" FolderXMLProcess="C:\SR50Win\Results\FONDI-SELF\08-04-22\Security\01.JAVA\01.FONDI-SELF\FONDI-SELF.xml" LOC="54251" Application="FONDI-SELF" Solution="JAVA" Project="FONDI-SELF" IdApplication="1" />
  </Scope>
  <Violations>
    <Violation ID="SQALE_45" Characteristic="Security" NrThread="3" RemediationCost="15.36" Requirement="Critical Violations (File)" RFactor="5.12" Sev="Critical" Subcharacteristic="Severity 2 (Critical)">
      <Files>
        <Hashs>
          <File idSQALE="SQALE_45" idFile="B3A6CFE759AEF92048FFDCDFEF83B8D4" LOC="111" SLOC="2" nameFile="\feu-browser-fondi-1.0.22\src\main\java\com\nttdata\fondi\controller\service\FondiGetAuthenticationService.java" RemediationCost="5.12" NonRemediationFactor="0.25" DevelopmentCost="0" ViolationOfFile="1" Severity="Critical" Application="FONDI-SELF" Solution="JAVA" Project="FONDI-SELF" IdApplication="1" CurrentValue="">
            <Hash idFile="B3A6CFE759AEF92048FFDCDFEF83B8D4" idSqale="SQALE_45" Hash="148e51def657ffd81f1fa9bcb3425195b531659a" Method="1138" SLOC="2" CurrentValue="#Line 42" />
          </File>
        </Hashs>
        <Hashs>
          <File idSQALE="SQALE_45" idFile="72904688A6234810CC2E04B52F241C53" LOC="95" SLOC="95" nameFile="\feu-browser-fondi-1.0.22\frontend\browser-fondi-ws\projects\browser-fondi\src\app\features\error\ko-email\ko-email.component.html" RemediationCost="5.12" NonRemediationFactor="0.5" DevelopmentCost="11" ViolationOfFile="2" Severity="Critical" Application="FONDI-SELF" Solution="JAVA" Project="FONDI-SELF" IdApplication="1" CurrentValue="">
            <Hash idFile="72904688A6234810CC2E04B52F241C53" idSqale="SQALE_45" Hash="380237ab76b7fed86e807d5f7cb35cd6ff8227e2" Method="0" SLOC="95" CurrentValue="#Line 21" />
            <Hash idFile="72904688A6234810CC2E04B52F241C53" idSqale="SQALE_45" Hash="7af9c5bf68acda31ee5e9f5bf4a36f1edea2957e" Method="0" SLOC="95" CurrentValue="#Line 52" />
          </File>
        </Hashs>
        <Hashs>
          <File idSQALE="SQALE_45" idFile="09C0E4A130DC0408A04635818FA1F23C" LOC="424" SLOC="424" nameFile="\feu-browser-fondi-1.0.22\frontend\browser-fondi-ws\projects\browser-fondi\src\app\features\sottoscrizione\scelta-ndg\scelta-ndg.component.html" RemediationCost="5.12" NonRemediationFactor="0.75" DevelopmentCost="25" ViolationOfFile="3" Severity="Critical" Application="FONDI-SELF" Solution="JAVA" Project="FONDI-SELF" IdApplication="1" CurrentValue="">
            <Hash idFile="09C0E4A130DC0408A04635818FA1F23C" idSqale="SQALE_45" Hash="8846eab8e68d615e86aca6df0c04700febe7de12" Method="0" SLOC="424" CurrentValue="#Line 208" />
            <Hash idFile="09C0E4A130DC0408A04635818FA1F23C" idSqale="SQALE_45" Hash="ca9d1577d147fc65fccd05b4c28755a970ffff5b" Method="0" SLOC="424" CurrentValue="#Line 244" />
            <Hash idFile="09C0E4A130DC0408A04635818FA1F23C" idSqale="SQALE_45" Hash="399550977da9fb7f3b2e49b17d0f0f677d851e23" Method="0" SLOC="424" CurrentValue="#Line 332" />
          </File>
        </Hashs>
      </Files>
    </Violation>
    <Violation ID="SQALE_46" Characteristic="Security" NrThread="4" RemediationCost="10.24" Requirement="Major Violations (File)" RFactor="2.56" Sev="Major" Subcharacteristic="Severity 3 (Major)">
      <Files>
        <Hashs>
          <File idSQALE="SQALE_46" idFile="C20A376128D9AFDD60B00C1C6F485781" LOC="158" SLOC="14" nameFile="\feu-browser-fondi-1.0.22\frontend\browser-fondi-ws\projects\browser-fondi\gulpfile.js" RemediationCost="2.56" NonRemediationFactor="0.1" DevelopmentCost="2" ViolationOfFile="2" Severity="Major" Application="FONDI-SELF" Solution="JAVA" Project="FONDI-SELF" IdApplication="1" CurrentValue="">
            <Hash idFile="C20A376128D9AFDD60B00C1C6F485781" idSqale="SQALE_46" Hash="b532a646071e1570453e693dfc150279d5e89a42" Method="489" SLOC="9" CurrentValue="#Line 18" />
            <Hash idFile="C20A376128D9AFDD60B00C1C6F485781" idSqale="SQALE_46" Hash="4b82951ad7daba20858db80b4f1ebff49d654fa4" Method="1278" SLOC="5" CurrentValue="#Line 34" />
          </File>
        </Hashs>
        <Hashs>
          <File idSQALE="SQALE_46" idFile="D4B213BB798F41B19CBA4D1B4B9C26EF" LOC="12" SLOC="0" nameFile="\feu-browser-fondi-1.0.22\frontend\browser-fondi-ws\projects\browser-fondi\src\main.ts" RemediationCost="2.56" NonRemediationFactor="0.05" DevelopmentCost="0" ViolationOfFile="1" Severity="Major" Application="FONDI-SELF" Solution="JAVA" Project="FONDI-SELF" IdApplication="1" CurrentValue="">
            <Hash idFile="D4B213BB798F41B19CBA4D1B4B9C26EF" idSqale="SQALE_46" Hash="aa2ab0f796ea1d7d5037fe64051bf6b30a49f58a" Method="0" SLOC="0" CurrentValue="#Line 12" />
          </File>
        </Hashs>
        <Hashs>
          <File idSQALE="SQALE_46" idFile="5F220CCDCFF4D1F032B69DD113EA9F69" LOC="397" SLOC="0" nameFile="\feu-browser-fondi-1.0.22\frontend\browser-fondi-ws\projects\browser-fondi\src\app\core\services\fondi-be.service.ts" RemediationCost="2.56" NonRemediationFactor="0.1" DevelopmentCost="0" ViolationOfFile="2" Severity="Major" Application="FONDI-SELF" Solution="JAVA" Project="FONDI-SELF" IdApplication="1" CurrentValue="">
            <Hash idFile="5F220CCDCFF4D1F032B69DD113EA9F69" idSqale="SQALE_46" Hash="f5e53410b39332753561772567dfa4d66a430af4" Method="0" SLOC="0" CurrentValue="#Line 53" />
            <Hash idFile="5F220CCDCFF4D1F032B69DD113EA9F69" idSqale="SQALE_46" Hash="e20aceeef928ae9dd43b7f65a8ae3ba3c9f5ced5" Method="0" SLOC="0" CurrentValue="#Line 76" />
          </File>
        </Hashs>
        <Hashs>
          <File idSQALE="SQALE_46" idFile="95E2DC6E2268CC6CD1047E65BABDF3A4" LOC="172" SLOC="0" nameFile="\feu-browser-fondi-1.0.22\frontend\browser-fondi-ws\projects\browser-fondi\src\app\features\error\ko-email\ko-email.component.ts" RemediationCost="2.56" NonRemediationFactor="0.2" DevelopmentCost="0" ViolationOfFile="4" Severity="Major" Application="FONDI-SELF" Solution="JAVA" Project="FONDI-SELF" IdApplication="1" CurrentValue="">
            <Hash idFile="95E2DC6E2268CC6CD1047E65BABDF3A4" idSqale="SQALE_46" Hash="7bf83bf47432749da2d0f4441a3d30f5854635ed" Method="0" SLOC="0" CurrentValue="#Line 46" />
            <Hash idFile="95E2DC6E2268CC6CD1047E65BABDF3A4" idSqale="SQALE_46" Hash="2827b5db0491617433756caa8939a5cbd0daeb89" Method="0" SLOC="0" CurrentValue="#Line 119" />
            <Hash idFile="95E2DC6E2268CC6CD1047E65BABDF3A4" idSqale="SQALE_46" Hash="fc138dc69facf8cbe9a5eeaba7cc7ebf3158117e" Method="0" SLOC="0" CurrentValue="#Line 126" />
            <Hash idFile="95E2DC6E2268CC6CD1047E65BABDF3A4" idSqale="SQALE_46" Hash="c0ac1d7641dd0a33d753a5194e6239c2eb1017ad" Method="0" SLOC="0" CurrentValue="#Line 150" />
          </File>
        </Hashs>
        <Hashs>
          <File idSQALE="SQALE_46" idFile="E6B79F6004DFA93FF9FD7D38A24205B6" LOC="124" SLOC="0" nameFile="\feu-browser-fondi-1.0.22\frontend\browser-fondi-ws\projects\browser-fondi\src\app\features\home\homepage\homepage.component.ts" RemediationCost="2.56" NonRemediationFactor="0.05" DevelopmentCost="0" ViolationOfFile="1" Severity="Major" Application="FONDI-SELF" Solution="JAVA" Project="FONDI-SELF" IdApplication="1" CurrentValue="">
            <Hash idFile="E6B79F6004DFA93FF9FD7D38A24205B6" idSqale="SQALE_46" Hash="82925c765b0fe987619593b3314e80c3f3284430" Method="0" SLOC="0" CurrentValue="#Line 62" />
          </File>
        </Hashs>
        <Hashs>
          <File idSQALE="SQALE_46" idFile="1DF2EB41AB39A5B63B199967C80DC543" LOC="137" SLOC="0" nameFile="\feu-browser-fondi-1.0.22\frontend\browser-fondi-ws\projects\browser-fondi\src\app\features\sottoscrizione\confronta-fondi\confronta-fondi.component.ts" RemediationCost="2.56" NonRemediationFactor="0.05" DevelopmentCost="0" ViolationOfFile="1" Severity="Major" Application="FONDI-SELF" Solution="JAVA" Project="FONDI-SELF" IdApplication="1" CurrentValue="">
            <Hash idFile="1DF2EB41AB39A5B63B199967C80DC543" idSqale="SQALE_46" Hash="535c12a37c0df6e4c9b9506b6987e6d0479df7c3" Method="0" SLOC="0" CurrentValue="#Line 99" />
          </File>
        </Hashs>
        <Hashs>
          <File idSQALE="SQALE_46" idFile="CE2E26A739370B3AF72255870C0A468B" LOC="234" SLOC="0" nameFile="\feu-browser-fondi-1.0.22\frontend\browser-fondi-ws\projects\browser-fondi\src\app\shared\components\right-sidebar\right-sidebar.component.ts" RemediationCost="2.56" NonRemediationFactor="0.2" DevelopmentCost="0" ViolationOfFile="4" Severity="Major" Application="FONDI-SELF" Solution="JAVA" Project="FONDI-SELF" IdApplication="1" CurrentValue="">
            <Hash idFile="CE2E26A739370B3AF72255870C0A468B" idSqale="SQALE_46" Hash="b1b01449b0d8e372868d7e3e87d006b3a13bbbc7" Method="0" SLOC="0" CurrentValue="#Line 118" />
            <Hash idFile="CE2E26A739370B3AF72255870C0A468B" idSqale="SQALE_46" Hash="de2935357b4be873001e15cd7701846d21b4bfd2" Method="0" SLOC="0" CurrentValue="#Line 132" />
            <Hash idFile="CE2E26A739370B3AF72255870C0A468B" idSqale="SQALE_46" Hash="47ea5042022e3b937121565f161a65a34ff0e40e" Method="0" SLOC="0" CurrentValue="#Line 140" />
            <Hash idFile="CE2E26A739370B3AF72255870C0A468B" idSqale="SQALE_46" Hash="620e5051357d4f47a6aabf29e10eeacd7d3f1f1c" Method="0" SLOC="0" CurrentValue="#Line 181" />
          </File>
        </Hashs>
        <Hashs>
          <File idSQALE="SQALE_46" idFile="9EAD62C87E757596B97295484DC4CD4B" LOC="116" SLOC="0" nameFile="\feu-browser-fondi-1.0.22\frontend\browser-fondi-ws\projects\browser-fondi\src\app\features\home\homepage\empty-states\empty-state-saldo-zero\empty-state-saldo-zero.component.ts" RemediationCost="2.56" NonRemediationFactor="0.2" DevelopmentCost="0" ViolationOfFile="4" Severity="Major" Application="FONDI-SELF" Solution="JAVA" Project="FONDI-SELF" IdApplication="1" CurrentValue="">
            <Hash idFile="9EAD62C87E757596B97295484DC4CD4B" idSqale="SQALE_46" Hash="9e9b3ae0f0b8fbec4a0da8452c87ad480b0e22a6" Method="0" SLOC="0" CurrentValue="#Line 48" />
            <Hash idFile="9EAD62C87E757596B97295484DC4CD4B" idSqale="SQALE_46" Hash="10e526671eb96a68af01b8426acebc53eebba1d1" Method="0" SLOC="0" CurrentValue="#Line 62" />
            <Hash idFile="9EAD62C87E757596B97295484DC4CD4B" idSqale="SQALE_46" Hash="808895d6cce963e42ea4b0d1b53006312740b5c3" Method="0" SLOC="0" CurrentValue="#Line 69" />
            <Hash idFile="9EAD62C87E757596B97295484DC4CD4B" idSqale="SQALE_46" Hash="b93bb1e9cf4b278f58dfb0de741ff2130f656af6" Method="0" SLOC="0" CurrentValue="#Line 103" />
          </File>
        </Hashs>
      </Files>
    </Violation>
  </Violations>
</ResultsOwasp_CWE>